1582293361.000000, 1582293361.000000, 1582293361.000000
32.000000, 32.000000, 32.000000
10,-12,62
10,-12,62
10,-12,62
10,-12,62
10,-12,62
10,-12,62
10,-12,62
10,-12,62
10,-12,62
10,-12,62
10,-12,62
10,-12,62
10,-12,62
10,-12,61
10,-12,62
10,-12,62
10,-12,62
10,-12,62
10,-12,62
10,-12,61
10,-12,62
10,-12,62
10,-12,62
10,-12,62
10,-12,62
10,-12,62
10,-12,62
10,-12,62
10,-12,61
10,-12,62
10,-12,62
11,-12,62
11,-12,62
10,-12,62
9,-12,62
10,-12,62
10,-12,62
10,-12,62
10,-12,62
10,-12,62
10,-12,62
9,-12,62
10,-12,62
9,-12,62
9,-12,62
10,-12,62
10,-12,62
10,-12,62
9,-12,62
9,-12,62
9,-12,62
9,-12,62
9,-12,62
9,-12,62
10,-12,62
9,-12,61
10,-12,62
9,-12,62
10,-12,62
10,-12,62
10,-12,62
10,-12,62
10,-12,61
10,-12,62
10,-12,62
10,-12,62
9,-12,62
9,-12,62
9,-12,62
8,-12,62
8,-12,62
9,-12,62
9,-12,62
9,-12,62
9,-12,62
9,-12,62
9,-12,62
9,-12,62
9,-12,62
9,-12,62
9,-12,62
9,-12,62
9,-12,62
9,-12,62
9,-12,62
9,-12,62
9,-13,62
9,-12,62
9,-12,62
9,-12,62
9,-12,62
9,-12,62
9,-12,62
9,-12,62
9,-12,62
9,-12,62
9,-12,62
9,-12,62
9,-12,62
9,-12,62
9,-12,62
9,-12,62
9,-12,62
9,-12,62
9,-12,62
9,-12,62
8,-12,62
9,-12,62
9,-12,62
9,-12,62
9,-12,62
9,-12,62
9,-12,62
9,-12,62
9,-12,62
9,-12,62
9,-12,62
9,-12,62
9,-12,62
9,-12,62
9,-12,62
9,-12,62
9,-12,62
9,-12,62
9,-12,62
9,-12,62
9,-12,62
9,-12,62
9,-13,62
9,-12,62
9,-12,62
9,-12,62
9,-12,61
9,-12,62
9,-12,62
9,-12,62
9,-12,62
9,-12,62
9,-12,62
9,-12,62
9,-12,62
9,-12,62
9,-12,62
9,-12,62
9,-12,62
9,-12,62
9,-12,62
9,-12,62
8,-12,62
8,-12,62
9,-12,62
9,-12,62
9,-12,62
9,-12,62
9,-12,62
9,-12,62
9,-12,62
9,-12,62
9,-12,62
9,-12,62
9,-12,62
9,-12,62
9,-12,62
9,-12,62
9,-13,62
9,-12,62
9,-12,62
9,-12,62
9,-13,62
9,-12,62
9,-12,62
9,-12,62
9,-12,62
9,-12,62
9,-12,62
9,-12,62
9,-12,62
9,-12,62
9,-12,62
9,-12,62
9,-12,62
9,-12,62
9,-12,62
9,-13,62
9,-12,62
9,-12,62
9,-12,62
9,-12,62
9,-12,62
9,-12,62
9,-12,62
9,-13,62
9,-12,62
9,-12,62
9,-12,62
9,-12,62
8,-12,62
9,-12,62
9,-12,62
9,-13,62
9,-12,62
9,-12,62
9,-12,62
9,-12,62
9,-12,62
9,-12,62
9,-12,62
9,-12,62
9,-12,62
9,-12,62
9,-12,62
9,-12,62
9,-12,62
8,-12,62
9,-12,62
9,-12,62
9,-12,62
9,-12,62
9,-12,62
9,-12,62
9,-12,62
9,-12,62
9,-12,62
9,-13,62
8,-12,62
9,-12,62
9,-12,62
9,-12,62
9,-12,62
9,-12,62
9,-12,62
9,-12,62
9,-12,62
9,-12,62
9,-12,62
9,-12,62
9,-12,62
9,-12,62
9,-12,62
9,-12,62
9,-12,62
9,-12,62
9,-12,62
9,-12,62
9,-12,62
9,-12,62
9,-12,62
8,-12,62
9,-12,62
9,-12,62
9,-12,61
9,-12,61
9,-12,62
9,-12,62
9,-12,62
9,-12,62
9,-12,62
9,-12,62
8,-12,62
9,-12,62
9,-12,62
8,-12,62
9,-12,62
9,-12,62
9,-12,62
9,-12,62
9,-12,62
9,-12,62
9,-12,62
9,-12,62
8,-12,62
9,-13,62
9,-12,62
9,-12,62
9,-13,62
10,-12,62
9,-12,62
8,-12,62
9,-13,62
9,-12,62
9,-12,62
9,-12,62
9,-12,62
9,-12,62
9,-13,62
9,-13,62
9,-12,62
9,-13,62
9,-12,62
9,-12,62
9,-12,61
9,-13,62
8,-12,61
9,-12,62
10,-12,62
9,-13,62
9,-12,62
9,-12,63
10,-13,62
10,-13,62
9,-13,61
8,-12,61
9,-12,61
9,-12,63
9,-12,62
9,-12,60
10,-12,61
11,-13,62
10,-12,62
10,-13,62
11,-12,62
11,-12,62
9,-12,61
10,-12,61
10,-13,62
10,-12,62
10,-13,62
10,-12,61
10,-12,61
9,-12,61
11,-12,62
11,-13,62
10,-13,61
10,-12,62
11,-12,61
10,-12,62
9,-12,62
10,-12,62
10,-13,61
10,-13,62
10,-13,61
9,-12,62
10,-13,62
10,-12,61
11,-13,62
10,-12,62
10,-13,62
11,-13,62
10,-13,61
11,-13,62
11,-13,60
13,-13,61
11,-14,62
11,-13,61
12,-13,62
13,-14,61
13,-13,61
13,-14,60
12,-13,60
12,-13,60
10,-15,62
12,-14,61
16,-14,60
17,-14,60
17,-15,61
14,-15,59
16,-14,60
15,-15,61
14,-15,59
15,-16,59
14,-15,59
15,-15,60
16,-15,61
15,-15,60
16,-15,60
17,-16,59
17,-16,59
17,-15,59
16,-16,60
15,-15,61
17,-15,61
17,-15,60
16,-16,60
16,-15,59
17,-16,59
17,-16,59
16,-16,60
17,-16,59
16,-15,59
15,-15,60
15,-15,59
18,-15,62
13,-16,63
11,-15,61
14,-16,58
17,-14,59
14,-14,60
14,-16,60
18,-18,58
18,-18,57
20,-16,58
18,-16,59
17,-16,59
18,-17,59
17,-17,59
16,-15,60
15,-14,60
15,-15,61
16,-15,60
17,-15,60
18,-15,60
17,-15,60
16,-15,60
17,-15,59
17,-16,60
17,-15,59
17,-16,58
19,-15,59
17,-16,58
18,-15,59
18,-15,59
17,-15,59
17,-15,60
18,-15,60
17,-15,60
17,-15,59
18,-15,60
17,-15,60
17,-14,60
18,-15,59
17,-15,59
17,-15,60
16,-15,60
16,-15,60
17,-15,60
17,-15,59
17,-14,60
17,-15,60
17,-15,59
17,-15,60
17,-15,60
17,-15,59
17,-15,60
18,-14,60
17,-14,59
18,-14,60
18,-14,60
18,-14,59
18,-14,59
18,-14,59
18,-14,59
18,-14,59
18,-14,60
18,-14,59
18,-14,59
18,-15,60
18,-14,59
18,-14,59
18,-14,59
18,-14,59
18,-14,59
18,-14,59
17,-14,59
17,-14,59
18,-15,60
17,-14,59
18,-14,59
18,-14,60
18,-14,60
17,-14,59
17,-14,60
17,-14,59
17,-15,60
17,-14,60
17,-15,60
17,-14,59
17,-14,60
17,-14,59
17,-14,60
15,-15,58
15,-14,59
23,-15,60
23,-12,59
24,-14,60
23,-14,54
28,-14,56
23,-13,58
22,-14,58
23,-14,57
24,-13,58
23,-14,58
23,-14,57
23,-13,58
23,-14,58
23,-14,58
23,-14,58
23,-14,58
23,-14,58
23,-14,58
23,-14,58
23,-14,58
23,-14,58
23,-14,58
23,-14,58
23,-14,58
23,-14,58
23,-14,59
22,-14,59
21,-14,58
22,-14,58
21,-14,58
20,-14,57
23,-15,58
21,-15,58
22,-14,58
22,-14,59
21,-14,58
20,-14,58
20,-14,58
20,-14,58
22,-14,59
22,-14,59
22,-14,59
21,-14,59
21,-14,58
21,-14,58
21,-14,58
21,-14,58
21,-14,59
21,-14,59
21,-14,58
21,-14,59
21,-14,59
21,-14,58
21,-14,58
21,-14,58
21,-14,59
21,-14,58
21,-14,59
21,-14,58
21,-14,59
21,-14,58
21,-14,58
21,-14,59
21,-14,59
21,-14,59
20,-14,59
20,-14,59
21,-14,59
21,-14,59
21,-14,59
21,-14,59
20,-14,58
21,-14,59
20,-14,58
20,-14,59
20,-14,59
20,-14,59
20,-14,59
20,-14,58
20,-14,59
20,-14,59
20,-14,59
20,-14,59
20,-14,59
20,-14,59
20,-14,59
20,-14,59
20,-14,59
20,-14,59
20,-14,59
20,-14,59
20,-14,59
20,-14,59
20,-14,59
20,-14,58
20,-14,59
20,-14,59
20,-14,59
20,-14,59
20,-14,59
20,-14,59
20,-14,59
20,-14,59
20,-14,59
20,-14,59
20,-14,59
20,-14,59
20,-14,59
20,-14,59
20,-14,59
20,-14,59
20,-14,59
20,-14,59
20,-14,59
20,-14,59
20,-14,59
20,-14,59
20,-14,59
20,-14,59
20,-14,59
20,-14,59
20,-14,59
20,-14,59
20,-14,59
20,-14,59
20,-14,59
20,-14,59
20,-14,59
20,-14,59
20,-14,59
20,-14,59
20,-14,59
20,-14,59
20,-14,59
20,-14,59
20,-14,59
20,-14,59
20,-14,59
20,-14,59
20,-14,59
20,-14,59
20,-14,59
20,-14,59
20,-14,59
20,-14,59
20,-14,59
20,-14,59
20,-14,59
20,-14,59
20,-14,59
20,-14,59
20,-14,59
20,-14,59
20,-14,59
20,-14,59
20,-14,59
20,-14,59
20,-14,59
20,-14,59
20,-14,59
20,-14,59
20,-14,59
20,-14,59
20,-14,59
20,-14,59
20,-14,59
20,-14,59
20,-14,59
20,-14,59
20,-14,59
20,-14,59
20,-14,59
20,-14,59
20,-14,59
20,-14,59
20,-14,58
20,-14,59
20,-14,59
20,-14,59
20,-14,59
20,-14,59
20,-14,59
20,-14,59
20,-14,59
20,-14,59
20,-14,59
20,-14,59
20,-14,59
20,-14,59
20,-14,59
20,-14,59
20,-14,59
20,-14,59
20,-14,59
20,-14,59
20,-14,59
20,-14,59
20,-14,59
20,-14,59
20,-14,59
20,-14,59
20,-14,59
20,-14,59
20,-14,59
20,-14,59
20,-14,59
20,-14,59
20,-14,59
20,-14,59
20,-14,59
20,-14,59
20,-14,59
20,-14,59
20,-14,59
20,-14,59
20,-14,59
19,-14,59
20,-14,59
19,-14,59
19,-14,59
20,-14,59
20,-14,59
20,-14,59
20,-14,59
19,-14,59
20,-14,59
20,-14,59
20,-14,59
20,-14,59
20,-14,59
19,-14,59
20,-14,59
20,-14,59
20,-14,59
19,-14,59
20,-14,59
20,-14,59
20,-14,59
20,-14,59
19,-14,59
20,-14,59
19,-14,59
19,-14,59
20,-14,59
19,-14,59
20,-14,59
20,-14,59
20,-14,59
19,-14,59
19,-14,59
19,-14,59
19,-14,59
19,-14,59
20,-14,59
19,-14,59
19,-14,59
20,-14,59
19,-14,59
20,-14,59
19,-14,59
20,-14,59
19,-14,59
19,-14,59
19,-14,59
20,-14,59
19,-14,59
19,-14,59
19,-14,59
19,-14,59
19,-14,59
19,-14,59
19,-14,59
19,-14,59
19,-14,59
20,-14,59
19,-14,59
19,-14,59
20,-14,59
19,-14,59
19,-14,59
20,-14,59
20,-14,59
19,-14,59
20,-14,59
20,-14,59
20,-14,59
19,-14,59
20,-14,59
20,-14,59
20,-14,59
19,-14,59
20,-14,59
20,-14,59
20,-14,59
20,-14,59
19,-14,59
20,-14,59
19,-14,59
20,-14,59
20,-14,59
19,-14,59
20,-14,59
20,-14,59
20,-14,59
19,-14,59
20,-14,59
19,-14,59
20,-14,59
20,-14,59
20,-14,59
19,-14,59
19,-14,59
20,-14,59
20,-14,59
19,-14,59
20,-14,59
20,-14,59
20,-14,59
20,-14,59
20,-14,59
20,-14,59
20,-14,59
20,-14,58
20,-14,59
20,-14,59
20,-14,59
20,-14,59
19,-14,59
20,-14,59
20,-14,59
20,-14,59
20,-14,59
20,-14,59
20,-14,59
20,-14,59
20,-14,59
20,-14,59
20,-14,59
20,-14,59
20,-14,59
20,-14,59
20,-14,59
20,-14,58
20,-14,59
20,-14,59
20,-14,59
20,-14,59
20,-14,58
20,-14,59
21,-14,58
21,-14,58
22,-14,58
22,-14,58
21,-14,59
22,-13,58
22,-14,58
22,-14,58
22,-14,58
22,-14,58
22,-14,58
22,-14,58
22,-14,58
22,-14,58
22,-14,58
22,-14,58
22,-14,58
22,-14,58
22,-14,58
22,-14,58
22,-14,58
22,-14,58
22,-14,58
22,-14,58
22,-14,58
22,-14,58
22,-14,58
22,-14,58
21,-14,58
21,-14,58
22,-14,58
22,-14,58
22,-14,58
21,-14,58
21,-14,58
22,-14,59
21,-14,58
21,-14,58
21,-14,58
21,-14,58
21,-14,58
21,-14,58
21,-14,59
21,-14,58
21,-14,58
21,-14,59
21,-14,59
21,-14,58
21,-14,58
21,-14,58
22,-14,59
20,-14,59
21,-13,58
21,-15,57
21,-14,58
24,-13,58
24,-13,58
22,-14,58
22,-14,58
25,-14,58
25,-13,58
24,-13,58
24,-14,58
24,-13,58
24,-13,57
24,-13,58
23,-14,58
23,-14,58
23,-14,58
22,-14,58
22,-14,58
23,-13,58
22,-14,58
22,-14,58
22,-14,58
21,-14,58
21,-14,58
21,-14,58
21,-14,58
21,-13,58
21,-14,58
21,-14,58
21,-14,58
21,-14,58
21,-14,59
21,-14,58
21,-14,59
21,-14,58
21,-14,58
21,-14,58
21,-14,58
21,-14,58
21,-14,58
21,-14,58
21,-14,59
21,-14,58
21,-14,59
21,-14,58
21,-14,58
21,-14,58
21,-14,59
21,-14,58
21,-14,59
21,-14,58
21,-14,58
21,-14,59
21,-14,58
21,-14,58
21,-14,59
21,-14,58
21,-14,58
21,-14,59
21,-14,59
21,-14,58
21,-14,59
21,-14,59
21,-14,59
21,-14,59
21,-14,58
21,-14,58
21,-14,59
21,-14,59
21,-14,58
21,-14,59
21,-14,58
21,-14,58
21,-14,58
21,-14,59
20,-14,59
20,-14,59
21,-14,59
20,-14,58
20,-14,59
21,-14,59
21,-14,59
21,-14,59
21,-14,59
20,-14,59
21,-14,58
21,-14,59
21,-14,59
21,-14,58
21,-14,59
21,-14,59
21,-14,58
21,-14,59
21,-14,59
21,-14,58
21,-14,59
21,-14,59
21,-14,59
21,-14,59
21,-14,58
21,-14,59
21,-14,59
20,-14,59
21,-14,59
20,-14,59
21,-14,59
21,-14,59
21,-14,58
21,-14,59
20,-14,58
21,-14,58
21,-14,59
21,-14,59
21,-14,59
21,-14,59
20,-14,59
21,-14,59
20,-14,59
21,-14,58
21,-14,58
21,-14,59
21,-14,58
21,-14,59
21,-14,59
21,-14,59
20,-14,58
21,-14,59
21,-14,59
21,-14,59
21,-14,58
20,-14,58
21,-14,59
21,-14,59
21,-14,59
21,-14,59
21,-14,59
21,-14,59
21,-14,58
21,-14,58
21,-14,59
21,-14,59
21,-14,59
21,-14,58
21,-14,59
21,-14,59
21,-14,59
21,-14,59
21,-14,59
21,-14,59
21,-14,58
21,-14,58
21,-14,59
21,-14,59
21,-14,59
21,-14,59
21,-14,58
21,-14,58
21,-14,58
21,-14,59
21,-14,59
21,-14,58
21,-14,58
21,-14,59
21,-14,58
21,-14,59
21,-14,59
21,-14,59
21,-14,59
21,-14,58
21,-14,59
21,-14,59
21,-14,59
21,-14,59
21,-14,59
21,-14,59
21,-14,58
21,-14,58
21,-14,59
21,-14,59
21,-14,59
21,-14,59
21,-14,59
21,-14,59
21,-14,58
21,-14,59
21,-14,59
21,-14,58
21,-14,59
21,-14,58
21,-14,59
21,-14,59
21,-14,58
21,-14,58
21,-14,58
21,-14,59
21,-14,58
21,-14,59
21,-14,58
21,-14,58
21,-14,59
21,-14,59
21,-14,59
21,-14,59
21,-14,58
21,-14,58
21,-14,59
21,-14,59
21,-14,59
21,-14,59
21,-14,58
21,-14,59
21,-14,59
21,-14,58
21,-14,58
21,-14,59
21,-14,59
21,-14,59
21,-14,58
21,-14,58
21,-14,58
21,-14,58
21,-14,59
21,-14,59
21,-14,58
21,-14,59
21,-14,59
21,-14,59
21,-14,59
21,-14,59
21,-14,58
21,-14,59
21,-14,59
21,-14,59
21,-14,58
21,-14,59
21,-14,59
21,-14,59
21,-14,58
21,-14,59
21,-14,59
21,-14,59
21,-14,58
21,-14,58
21,-14,59
21,-14,58
21,-14,58
21,-14,59
21,-14,59
21,-14,59
20,-14,58
21,-14,58
21,-14,59
21,-14,59
21,-14,58
21,-14,58
21,-14,59
21,-14,58
21,-14,59
21,-14,59
21,-14,58
21,-14,59
21,-14,59
21,-14,58
21,-14,59
21,-14,59
21,-14,58
21,-14,59
21,-14,58
21,-14,58
21,-14,58
21,-14,59
21,-14,59
21,-14,58
21,-14,59
21,-14,59
21,-14,59
21,-14,58
21,-14,58
21,-14,58
21,-14,59
21,-14,59
21,-14,59
21,-14,59
21,-14,58
21,-14,58
21,-14,59
21,-14,58
21,-14,59
21,-14,58
21,-14,58
21,-14,59
21,-14,59
21,-14,59
21,-14,58
21,-14,58
21,-14,59
21,-14,59
21,-14,58
21,-14,59
21,-14,58
21,-14,59
21,-14,58
21,-14,58
21,-14,59
21,-14,59
21,-14,58
21,-14,59
21,-14,59
21,-14,59
21,-14,59
21,-14,59
21,-14,59
21,-14,59
21,-14,58
21,-14,58
21,-14,59
20,-14,58
21,-14,58
21,-14,59
20,-14,59
20,-14,59
21,-14,58
20,-14,59
21,-14,59
21,-14,59
21,-14,59
21,-14,59
21,-14,59
21,-14,59
21,-14,59
21,-14,59
21,-14,59
21,-14,59
21,-14,59
21,-14,59
21,-14,59
21,-14,59
21,-14,58
21,-14,59
21,-14,59
21,-14,59
21,-14,59
21,-14,59
21,-14,59
21,-14,58
20,-14,59
21,-14,59
21,-14,59
21,-14,59
21,-14,58
21,-14,58
21,-14,59
21,-14,59
21,-14,59
21,-14,59
21,-14,59
21,-14,59
21,-14,59
21,-14,58
21,-14,59
21,-14,59
21,-14,59
21,-14,59
21,-14,59
21,-14,58
20,-14,59
21,-14,59
21,-14,59
20,-14,59
21,-14,58
21,-14,58
21,-14,59
21,-14,59
21,-14,59
21,-14,59
21,-14,58
21,-14,59
21,-14,59
21,-14,59
21,-14,59
21,-14,59
21,-14,58
21,-14,59
21,-14,58
21,-14,59
21,-14,59
21,-14,59
21,-14,59
21,-14,59
21,-14,59
21,-14,59
21,-14,59
21,-14,58
21,-14,59
21,-14,59
21,-14,59
21,-14,59
21,-14,59
21,-14,58
21,-14,59
21,-14,59
21,-14,59
21,-14,59
21,-14,58
21,-14,59
21,-14,59
21,-14,59
21,-14,58
21,-14,59
21,-14,58
21,-14,59
21,-14,59
21,-14,59
21,-14,59
21,-14,59
21,-14,59
21,-14,59
21,-14,59
21,-14,59
21,-14,59
21,-14,58
21,-14,59
21,-14,59
21,-14,58
21,-14,59
21,-14,59
21,-14,59
21,-14,59
21,-14,59
21,-14,59
21,-14,59
21,-14,59
21,-14,59
21,-14,59
21,-14,59
21,-14,59
21,-14,59
21,-14,58
21,-14,59
21,-14,59
21,-14,59
21,-14,59
21,-14,59
21,-14,59
21,-14,59
21,-14,59
21,-14,58
21,-14,59
21,-14,58
21,-14,59
21,-14,59
21,-14,59
21,-14,59
21,-14,58
21,-14,58
21,-14,59
21,-14,59
21,-14,59
21,-14,59
21,-14,59
21,-14,58
21,-14,58
21,-14,58
21,-14,58
21,-14,59
21,-14,59
21,-14,59
21,-14,59
21,-14,59
21,-14,58
21,-14,58
21,-14,58
21,-14,59
21,-14,59
21,-14,59
21,-14,58
21,-14,59
21,-14,58
21,-14,58
21,-14,58
21,-14,59
21,-14,59
21,-14,58
21,-14,59
21,-14,58
21,-14,58
21,-14,59
21,-14,59
21,-14,58
21,-14,58
21,-14,58
21,-14,58
21,-14,59
21,-14,58
21,-14,58
21,-14,58
21,-14,59
21,-14,59
21,-14,59
21,-14,59
21,-14,58
21,-14,59
21,-14,59
21,-14,58
21,-14,59
21,-14,58
21,-14,59
21,-14,58
21,-14,59
21,-14,59
21,-14,59
21,-14,58
21,-14,58
21,-14,58
21,-14,58
21,-14,59
21,-14,59
21,-14,59
21,-14,59
21,-14,59
21,-14,59
21,-14,59
21,-14,58
21,-14,58
21,-14,58
21,-14,59
21,-14,58
21,-14,58
21,-14,59
21,-14,58
21,-14,58
21,-14,59
21,-14,58
21,-14,58
21,-14,58
21,-14,58
21,-14,58
21,-14,58
21,-14,59
21,-14,59
21,-14,59
21,-14,59
21,-14,59
21,-14,58
21,-14,58
21,-14,59
21,-14,59
21,-14,59
21,-14,58
21,-14,58
21,-14,59
21,-14,59
21,-14,59
21,-14,59
21,-14,59
21,-14,58
21,-14,58
21,-14,58
21,-14,58
21,-14,58
21,-14,58
21,-14,58
21,-14,58
21,-14,58
22,-13,59
22,-14,58
20,-14,58
20,-14,59
20,-14,58
21,-14,59
20,-14,58
21,-14,59
20,-14,59
20,-14,58
21,-15,59
20,-14,59
20,-14,58
21,-14,59
21,-14,58
22,-14,58
22,-14,58
22,-14,58
22,-14,58
23,-14,58
23,-14,58
22,-14,58
23,-14,58
23,-14,58
23,-14,58
23,-14,58
23,-14,58
23,-14,58
23,-14,58
22,-14,58
23,-14,58
23,-14,58
23,-14,58
23,-14,58
23,-14,58
23,-14,58
23,-14,58
23,-14,58
23,-14,58
23,-14,58
22,-14,57
23,-14,58
23,-14,58
23,-14,57
24,-14,57
24,-14,58
24,-14,58
25,-13,57
25,-14,57
24,-14,57
24,-14,57
25,-14,57
25,-13,57
24,-14,57
25,-14,57
25,-13,57
24,-14,57
24,-14,57
24,-14,57
24,-13,57
24,-14,57
24,-14,57
24,-14,57
25,-14,57
24,-14,57
24,-14,57
24,-14,57
25,-13,57
25,-14,57
24,-14,57
23,-13,58
20,-14,58
21,-17,59
20,-18,57
24,-18,56
28,-17,57
28,-14,54
29,-15,55
29,-9,53
35,-8,54
36,-7,54
33,-9,54
30,-11,54
29,-13,55
28,-14,55
28,-14,55
28,-14,56
28,-14,56
27,-13,55
28,-13,55
29,-12,56
29,-12,56
28,-12,55
28,-13,56
27,-13,56
26,-14,56
26,-14,56
26,-14,56
27,-14,57
27,-14,57
27,-13,56
26,-13,56
26,-13,56
26,-14,56
26,-13,56
24,-12,56
27,-13,57
28,-14,57
27,-13,57
25,-13,56
25,-13,56
24,-13,56
26,-13,57
26,-13,57
26,-13,56
25,-13,57
26,-13,57
25,-13,56
26,-13,57
25,-13,56
26,-13,56
26,-13,56
27,-13,57
26,-13,56
25,-13,57
25,-13,57
26,-13,57
26,-13,57
25,-13,57
25,-13,56
25,-13,57
26,-13,57
25,-13,57
25,-13,57
25,-14,57
24,-13,56
24,-13,57
24,-14,57
25,-13,57
25,-13,57
25,-13,57
25,-13,57
25,-13,58
24,-13,57
24,-13,58
23,-14,58
23,-13,58
23,-14,58
23,-13,58
23,-13,58
23,-13,58
23,-13,58
23,-14,58
23,-13,58
23,-13,58
23,-14,58
23,-14,58
23,-13,58
23,-14,58
23,-13,58
23,-13,58
23,-13,58
23,-13,58
22,-13,58
23,-13,58
23,-13,58
22,-14,58
22,-13,58
22,-13,58
22,-13,58
22,-13,58
22,-13,58
22,-13,58
22,-13,58
22,-14,58
22,-13,58
23,-13,58
23,-14,58
23,-14,58
22,-14,58
22,-14,58
22,-14,58
23,-14,58
23,-13,58
22,-14,58
22,-14,58
22,-13,58
22,-14,58
22,-14,58
22,-13,58
23,-13,58
22,-14,58
22,-14,58
23,-14,58
23,-13,58
22,-13,58
22,-14,58
22,-13,57
22,-13,58
23,-14,59
23,-14,58
22,-14,58
23,-13,58
24,-13,58
24,-13,58
23,-13,57
23,-13,58
23,-13,57
22,-13,57
23,-13,57
24,-13,58
24,-13,58
24,-13,57
25,-12,58
27,-12,58
27,-12,58
26,-12,58
24,-13,57
24,-13,58
23,-13,57
23,-13,57
23,-13,58
24,-13,57
24,-13,58
24,-13,57
24,-13,58
24,-13,57
24,-13,57
24,-13,58
24,-13,58
24,-13,58
24,-13,57
24,-13,57
23,-13,57
24,-13,57
24,-13,57
24,-13,58
24,-13,58
24,-13,58
24,-13,58
24,-13,58
24,-13,58
24,-13,58
24,-13,58
24,-13,58
23,-13,58
24,-13,58
24,-13,58
23,-13,57
23,-13,57
24,-13,58
24,-13,58
24,-13,57
24,-13,58
24,-13,58
23,-13,57
24,-13,58
24,-13,58
23,-13,57
24,-13,58
24,-13,58
24,-13,58
24,-13,58
23,-13,58
25,-13,58
24,-13,58
23,-13,58
23,-13,58
24,-13,58
24,-13,58
24,-13,58
24,-13,58
23,-13,58
24,-13,58
24,-13,58
23,-13,58
23,-13,58
23,-13,58
23,-13,58
24,-13,58
24,-13,58
23,-13,57
23,-13,58
23,-13,58
24,-13,58
23,-14,57
23,-13,58
24,-13,58
25,-13,58
24,-13,58
24,-13,57
24,-13,57
24,-13,58
25,-13,57
25,-13,57
24,-13,57
24,-13,57
24,-13,57
24,-13,57
24,-13,58
25,-13,57
24,-13,57
24,-13,57
24,-13,57
24,-13,57
24,-13,57
24,-13,57
24,-13,57
25,-13,57
24,-13,57
25,-13,57
25,-13,57
25,-13,56
25,-13,57
25,-13,57
25,-13,57
25,-13,57
25,-13,57
25,-13,57
25,-13,57
25,-13,57
25,-13,57
25,-13,57
25,-13,57
24,-13,57
24,-13,57
25,-13,57
25,-13,57
24,-13,57
25,-13,57
24,-13,57
25,-13,57
25,-13,57
24,-13,57
24,-13,57
25,-13,57
24,-13,57
24,-13,57
25,-13,57
24,-13,57
24,-13,57
24,-13,57
24,-13,57
25,-13,57
25,-13,57
25,-13,57
25,-13,57
25,-13,57
25,-13,57
25,-13,57
25,-13,57
25,-13,57
25,-13,57
25,-13,57
25,-13,57
25,-13,57
25,-13,57
25,-13,57
25,-13,57
25,-13,57
25,-13,57
25,-13,57
25,-13,57
25,-13,57
25,-13,57
25,-13,57
25,-13,57
25,-13,57
25,-13,57
25,-13,57
24,-13,57
25,-13,57
25,-13,57
24,-13,57
24,-13,57
24,-13,57
24,-13,57
24,-13,57
24,-13,58
24,-13,57
24,-13,57
25,-13,57
24,-13,57
24,-13,57
24,-13,57
24,-13,57
24,-13,57
24,-13,57
25,-13,57
24,-13,57
24,-13,57
24,-13,57
24,-13,57
24,-13,57
25,-13,57
24,-13,57
24,-13,57
24,-13,57
24,-13,57
24,-13,57
25,-13,57
24,-13,57
24,-13,57
25,-13,57
25,-13,57
25,-13,57
25,-13,57
25,-13,57
25,-13,57
25,-13,57
24,-13,57
25,-13,57
25,-13,57
25,-13,57
24,-13,57
24,-13,56
25,-13,57
24,-13,57
24,-13,57
25,-13,57
25,-13,58
25,-13,57
24,-13,57
24,-13,57
25,-13,58
25,-13,57
24,-13,57
25,-13,57
25,-13,58
25,-13,57
25,-13,57
24,-13,57
25,-13,57
25,-13,57
24,-13,58
24,-13,58
25,-13,57
24,-13,57
24,-13,57
24,-13,57
24,-13,57
24,-13,57
24,-13,57
24,-13,58
25,-13,58
24,-13,58
24,-13,57
24,-13,58
24,-13,58
24,-13,58
24,-13,57
24,-13,57
24,-13,57
24,-13,58
24,-13,58
24,-13,58
24,-13,58
24,-13,58
24,-13,58
24,-13,58
24,-13,57
24,-13,57
24,-13,58
23,-13,57
24,-13,58
24,-13,57
24,-13,58
24,-13,58
24,-13,58
24,-13,58
23,-13,57
24,-13,58
24,-13,58
24,-13,58
24,-13,58
24,-13,57
24,-13,58
23,-13,57
24,-13,58
24,-13,58
23,-13,57
23,-13,58
24,-13,58
24,-13,58
24,-13,57
23,-14,57
23,-13,58
23,-14,58
24,-13,58
23,-13,57
23,-13,58
24,-13,58
24,-13,58
23,-14,57
23,-13,58
23,-13,58
23,-13,58
23,-13,58
24,-13,58
24,-13,58
23,-13,58
23,-13,57
23,-13,58
23,-13,58
23,-13,58
23,-13,58
23,-13,58
23,-13,58
23,-13,58
23,-13,58
24,-13,58
23,-13,58
23,-13,58
23,-13,57
23,-13,58
24,-13,58
23,-13,58
23,-13,58
24,-13,58
23,-14,58
23,-13,58
24,-13,58
23,-13,58
23,-14,58
24,-13,58
23,-13,57
23,-14,57
23,-13,58
23,-13,58
23,-13,57
23,-14,58
23,-13,58
23,-13,58
24,-14,58
23,-13,58
23,-13,58
23,-13,58
23,-13,58
23,-14,57
24,-13,58
23,-14,58
23,-13,58
24,-13,58
23,-13,58
23,-14,58
24,-13,58
23,-13,58
23,-13,57
23,-13,58
23,-14,58
23,-13,58
23,-13,58
23,-13,58
23,-13,58
23,-13,57
23,-13,58
23,-13,58
23,-14,57
23,-13,58
24,-13,58
23,-13,58
23,-13,58
23,-14,58
23,-13,58
23,-13,58
24,-13,58
23,-13,58
23,-13,58
23,-14,58
23,-13,58
23,-13,58
23,-13,58
24,-13,58
23,-13,58
23,-13,58
23,-13,58
23,-13,58
23,-13,58
23,-13,58
23,-13,58
23,-13,58
23,-13,58
23,-13,58
23,-13,58
23,-13,58
24,-13,58
23,-13,58
23,-13,58
23,-13,58
23,-13,58
23,-13,58
23,-13,58
23,-13,58
23,-13,58
23,-13,58
23,-13,58
23,-13,58
24,-13,58
23,-13,58
24,-13,58
23,-13,58
23,-14,58
23,-13,58
23,-13,58
23,-13,58
23,-13,58
23,-13,58
23,-13,58
23,-13,58
23,-13,58
23,-14,58
23,-13,58
23,-13,58
23,-13,58
23,-13,58
23,-13,58
23,-13,58
23,-13,58
23,-13,58
23,-13,58
23,-13,58
23,-13,58
23,-14,58
24,-13,58
23,-13,58
23,-13,58
23,-13,58
23,-13,58
23,-13,58
23,-13,58
23,-13,58
23,-13,58
23,-13,58
23,-13,58
23,-14,58
23,-14,58
23,-13,58
23,-14,58
23,-14,58
23,-13,58
23,-13,58
23,-14,58
23,-14,58
23,-13,58
23,-13,58
23,-13,58
23,-14,58
23,-14,58
23,-13,58
23,-13,58
23,-13,58
23,-13,58
23,-14,58
23,-13,58
23,-14,58
23,-14,58
23,-13,58
23,-14,58
23,-14,58
23,-14,58
23,-13,58
23,-13,58
23,-13,58
23,-13,58
23,-13,58
23,-14,58
23,-13,58
23,-13,58
23,-13,58
23,-14,58
23,-13,58
23,-13,58
23,-13,58
23,-14,58
23,-13,58
23,-13,58
23,-13,58
23,-14,58
23,-14,58
23,-13,58
24,-13,57
23,-13,58
23,-13,58
23,-13,58
23,-13,58
23,-13,58
23,-13,58
23,-13,58
23,-13,58
23,-14,58
23,-13,58
23,-13,58
23,-13,58
23,-14,58
23,-13,58
23,-13,58
23,-13,58
23,-13,58
23,-14,58
23,-13,58
23,-13,58
23,-13,58
23,-13,58
23,-13,58
23,-13,58
23,-14,58
23,-13,57
23,-13,58
23,-13,58
23,-13,58
24,-14,58
23,-13,58
22,-13,58
23,-14,58
23,-14,58
24,-14,58
22,-14,56
20,-12,60
27,-14,56
29,-14,58
21,-13,58
22,-13,58
24,-14,57
23,-13,58
23,-14,58
23,-13,57
23,-13,58
23,-14,58
23,-14,58
23,-13,58
23,-13,58
23,-13,58
23,-13,58
23,-13,58
23,-13,58
23,-14,58
23,-14,58
23,-13,58
23,-13,58
23,-14,58
23,-13,58
23,-14,58
23,-13,58
23,-14,58
23,-14,58
23,-14,58
23,-13,58
23,-13,58
23,-13,57
23,-13,58
24,-14,59
22,-13,57
24,-13,58
23,-15,59
24,-13,59
22,-14,56
23,-13,58
22,-14,58
23,-13,58
23,-14,58
23,-14,58
24,-14,58
22,-13,58
23,-14,57
23,-14,58
22,-13,58
23,-14,58
23,-14,57
23,-14,58
23,-14,58
23,-14,58
22,-14,58
22,-14,58
23,-14,58
23,-14,58
23,-13,58
23,-14,58
23,-14,58
23,-14,58
23,-14,58
23,-14,58
23,-14,58
23,-14,58
23,-14,57
23,-14,58
23,-14,58
23,-14,58
24,-14,58
22,-14,58
23,-14,57
24,-14,57
23,-14,58
23,-14,58
23,-14,58
23,-14,58
23,-14,58
23,-14,58
23,-14,58
23,-14,58
23,-14,58
23,-14,58
23,-14,58
23,-14,58
23,-14,58
23,-14,58
23,-14,58
23,-14,58
23,-14,58
23,-14,58
23,-14,58
23,-14,58
23,-14,58
23,-14,58
23,-14,58
23,-14,57
23,-14,58
23,-14,58
23,-14,58
23,-14,57
23,-14,58
23,-14,58
23,-14,58
23,-14,58
23,-14,58
23,-14,58
23,-14,58
23,-14,58
23,-14,58
23,-14,58
23,-14,58
23,-14,58
23,-14,58
23,-14,58
23,-14,58
23,-13,57
23,-14,58
24,-14,58
23,-14,58
23,-14,58
23,-13,58
23,-14,58
23,-14,58
23,-14,58
23,-13,58
23,-14,58
23,-14,58
23,-14,57
23,-14,58
23,-14,58
23,-14,58
23,-14,58
23,-14,58
23,-14,58
23,-13,58
23,-14,58
23,-14,58
23,-14,58
23,-14,58
23,-14,57
23,-14,57
23,-13,58
23,-13,58
23,-14,59
23,-14,57
22,-14,56
23,-14,58
23,-13,58
23,-13,58
23,-14,58
23,-14,58
23,-13,58
23,-13,58
23,-14,58
23,-14,58
23,-14,58
23,-14,58
23,-14,58
23,-13,58
23,-14,58
23,-14,58
23,-14,58
23,-14,58
23,-14,58
23,-14,58
23,-14,58
23,-14,58
23,-14,58
23,-14,58
23,-14,58
23,-14,58
23,-13,58
23,-14,58
23,-14,58
23,-14,58
23,-14,58
23,-14,58
23,-14,58
23,-14,58
23,-14,58
23,-14,58
23,-14,58
23,-14,58
23,-14,58
23,-14,58
23,-14,57
23,-14,58
23,-14,58
23,-14,58
23,-14,58
23,-14,58
23,-14,58
23,-14,58
23,-14,58
22,-14,58
22,-14,58
22,-14,58
22,-14,58
22,-14,58
23,-14,58
23,-14,58
24,-14,58
23,-15,57
22,-14,57
21,-15,58
20,-15,58
21,-15,58
22,-15,58
22,-15,58
21,-14,58
22,-14,58
22,-15,58
22,-14,58
21,-15,59
20,-15,60
21,-14,59
22,-14,58
20,-15,59
24,-15,57
27,-17,55
28,-17,54
25,-18,54
29,-17,54
28,-15,57
21,-17,57
21,-17,56
25,-15,57
26,-16,56
24,-16,57
23,-16,57
26,-15,58
24,-16,58
21,-16,60
22,-15,58
23,-16,56
24,-17,56
23,-17,55
24,-17,55
25,-17,57
24,-16,56
24,-16,56
24,-16,57
24,-16,57
24,-16,57
24,-16,57
24,-16,57
23,-16,57
24,-16,57
24,-16,57
24,-16,57
24,-16,57
24,-16,57
24,-16,57
24,-16,56
24,-16,57
24,-16,57
24,-16,57
23,-16,57
24,-16,57
24,-16,56
24,-16,57
24,-16,57
23,-16,56
24,-16,57
24,-16,57
23,-16,56
23,-16,57
24,-16,57
23,-16,57
23,-16,57
24,-16,57
24,-16,57
24,-16,57
23,-16,57
23,-17,57
23,-17,57
23,-16,57
23,-16,57
23,-17,57
23,-17,57
23,-16,57
23,-16,57
23,-17,57
23,-17,57
23,-16,57
23,-16,57
23,-17,57
23,-16,57
23,-16,57
23,-16,57
23,-16,57
23,-17,57
23,-16,57
23,-16,57
23,-16,57
23,-16,57
23,-16,57
23,-17,57
23,-16,57
23,-16,57
23,-16,57
23,-16,57
23,-16,57
23,-16,57
23,-17,57
23,-16,57
23,-16,57
23,-17,58
23,-16,57
23,-16,57
23,-16,57
23,-16,57
23,-16,57
23,-16,57
23,-16,57
23,-16,57
23,-17,57
23,-16,57
23,-16,57
23,-17,57
23,-17,57
23,-16,57
23,-16,57
23,-17,57
23,-16,58
23,-16,57
23,-16,57
23,-16,57
23,-16,57
23,-16,57
23,-17,57
23,-16,57
23,-16,57
23,-16,57
23,-16,57
23,-16,57
23,-16,57
23,-16,57
23,-16,57
23,-16,57
23,-17,57
23,-17,57
23,-16,57
23,-16,57
22,-17,57
23,-16,57
23,-16,57
23,-17,57
23,-17,57
23,-16,57
23,-16,57
23,-17,57
23,-16,57
23,-17,57
23,-17,57
23,-16,57
22,-16,57
23,-17,57
23,-16,57
23,-16,57
22,-16,57
22,-16,57
23,-17,57
23,-16,57
23,-16,57
23,-17,57
23,-16,57
23,-16,57
23,-16,57
23,-17,57
22,-17,57
23,-16,57
23,-17,57
23,-17,57
23,-17,57
23,-16,57
23,-17,57
23,-17,57
22,-17,57
23,-16,57
23,-17,57
23,-17,57
22,-16,57
23,-16,57
23,-16,57
22,-16,57
22,-17,57
23,-17,57
23,-16,57
23,-16,57
23,-16,57
23,-17,57
23,-16,57
23,-17,57
22,-17,57
23,-16,57
23,-17,57
22,-16,57
23,-16,57
23,-16,57
23,-17,57
22,-17,57
23,-17,57
23,-16,57
23,-16,57
23,-16,57
23,-17,57
22,-17,57
23,-17,57
22,-17,57
22,-16,57
23,-16,57
22,-17,58
23,-16,57
22,-17,57
23,-17,57
22,-17,57
22,-17,57
23,-16,57
23,-16,56
23,-17,57
23,-16,57
22,-16,57
23,-16,57
22,-17,57
23,-17,57
22,-16,57
22,-17,57
23,-17,57
23,-16,57
22,-16,57
23,-17,57
23,-17,58
22,-16,57
22,-16,57
23,-17,57
23,-17,58
23,-17,57
23,-16,57
23,-17,57
22,-17,57
22,-16,57
23,-16,57
22,-17,58
22,-17,57
23,-16,57
23,-17,57
23,-17,57
23,-17,58
22,-17,57
22,-16,57
23,-17,57
22,-17,57
22,-17,57
22,-16,57
22,-17,57
22,-17,57
22,-17,57
22,-17,57
22,-16,57
23,-17,57
22,-17,57
22,-17,57
22,-16,57
23,-16,57
22,-17,57
22,-17,57
22,-16,57
22,-17,57
23,-17,57
23,-17,57
22,-17,57
22,-16,57
22,-17,57
22,-16,57
22,-17,57
23,-17,57
23,-17,57
22,-17,57
22,-17,57
23,-17,57
22,-16,57
22,-17,57
23,-16,57
22,-16,57
22,-17,57
23,-17,57
23,-17,57
23,-17,57
22,-17,57
22,-16,57
22,-16,57
22,-17,57
22,-16,57
22,-17,57
22,-17,57
22,-16,57
22,-16,58
24,-16,58
23,-16,58
22,-17,57
22,-16,57
23,-16,57
23,-16,58
23,-17,57
22,-16,57
23,-16,57
23,-17,57
22,-17,57
22,-17,57
22,-17,57
23,-17,58
23,-16,57
22,-17,57
22,-16,57
22,-17,57
22,-16,57
23,-17,57
23,-16,57
22,-17,57
22,-17,57
22,-17,57
22,-16,57
23,-17,57
23,-17,57
23,-16,57
22,-17,57
22,-17,57
23,-17,57
23,-16,57
22,-16,57
23,-17,57
22,-16,57
22,-16,57
23,-17,57
23,-16,57
23,-16,57
23,-16,57
23,-16,57
23,-16,57
22,-16,57
23,-17,58
22,-16,57
23,-16,57
23,-17,57
23,-17,58
22,-16,57
22,-16,57
22,-16,57
23,-16,57
23,-16,57
23,-16,57
23,-17,57
23,-16,57
22,-17,57
22,-17,57
23,-16,58
23,-16,58
23,-17,56
22,-16,57
23,-17,57
23,-16,57
23,-16,57
22,-16,57
23,-16,57
23,-16,57
22,-17,57
23,-16,57
23,-16,57
23,-16,57
22,-17,57
23,-17,57
22,-16,57
23,-16,58
23,-16,58
22,-17,57
22,-17,58
21,-17,58
20,-17,58
21,-17,58
20,-17,58
19,-17,58
20,-17,58
19,-17,58
20,-17,58
19,-17,58
19,-16,58
19,-17,58
20,-18,58
20,-18,60
17,-17,60
16,-17,58
15,-18,57
15,-18,58
15,-18,59
17,-18,59
17,-18,59
16,-17,59
16,-17,59
15,-18,59
16,-18,59
17,-18,59
17,-17,59
16,-17,59
16,-17,59
17,-18,59
16,-18,59
16,-17,59
16,-18,59
15,-18,58
15,-17,57
17,-18,59
18,-18,58
22,-16,59
21,-16,59
21,-17,58
21,-17,58
21,-16,58
21,-17,58
20,-17,58
21,-16,58
21,-17,58
21,-16,58
21,-17,58
20,-17,58
20,-16,58
21,-17,58
21,-17,58
21,-17,58
22,-16,58
22,-16,58
21,-16,58
22,-16,58
21,-16,58
21,-16,58
21,-17,57
22,-16,58
22,-16,58
22,-16,58
21,-17,58
22,-16,58
21,-16,58
21,-16,58
22,-17,58
21,-16,58
21,-16,58
22,-16,58
22,-17,58
22,-17,58
21,-16,58
22,-16,57
21,-17,58
21,-16,58
21,-16,58
21,-16,58
22,-17,58
21,-16,58
22,-16,58
21,-16,58
22,-16,57
21,-17,58
21,-17,58
21,-16,58
21,-16,58
22,-17,58
21,-17,58
21,-16,58
21,-16,58
21,-17,57
21,-17,58
21,-17,57
21,-17,58
21,-16,58
21,-17,58
21,-16,58
21,-17,58
21,-16,58
21,-17,58
21,-17,58
21,-17,58
21,-16,58
21,-16,58
22,-17,58
21,-17,58
21,-17,58
21,-16,58
21,-17,57
21,-17,58
21,-16,58
21,-17,58
21,-16,58
21,-17,58
21,-16,58
21,-17,58
21,-17,58
21,-17,58
21,-17,58
21,-17,58
21,-17,58
21,-16,58
21,-17,58
21,-17,58
21,-17,58
21,-17,58
20,-17,58
20,-16,58
21,-17,58
20,-17,58
20,-17,57
20,-17,58
21,-17,58
21,-17,58
21,-17,58
21,-17,58
20,-17,58
20,-17,58
21,-17,58
20,-17,58
21,-17,58
21,-17,58
21,-17,58
21,-16,58
21,-17,58
21,-17,58
21,-17,58
21,-17,58
21,-17,58
20,-17,58
20,-16,58
21,-17,58
22,-17,58
22,-16,58
21,-17,58
22,-16,58
22,-16,58
22,-16,58
22,-16,58
22,-16,58
21,-16,58
22,-16,58
22,-16,58
22,-16,58
21,-16,58
21,-16,58
21,-17,58
21,-16,58
21,-16,58
21,-17,58
21,-16,58
21,-16,58
21,-16,58
21,-16,58
21,-16,58
20,-17,58
21,-17,58
20,-16,58
21,-16,58
20,-17,57
21,-16,58
21,-16,58
21,-16,58
21,-17,58
21,-16,58
21,-16,58
21,-16,58
21,-17,58
21,-16,58
21,-16,58
21,-16,58
21,-16,58
21,-16,58
21,-17,58
21,-17,58
21,-16,58
21,-17,58
21,-17,58
21,-17,58
21,-16,58
21,-17,58
21,-16,58
20,-17,58
21,-17,58
21,-16,58
21,-16,58
21,-17,58
21,-16,58
21,-16,58
21,-16,58
21,-17,58
21,-17,58
21,-16,58
21,-17,58
21,-16,58
21,-16,58
21,-16,58
21,-17,58
21,-16,58
21,-17,58
20,-17,58
21,-17,58
21,-17,58
21,-16,58
21,-17,58
21,-16,58
21,-17,58
21,-17,58
21,-16,58
21,-17,58
21,-17,58
21,-16,58
21,-17,58
21,-17,58
21,-17,58
21,-17,58
21,-17,58
21,-17,58
21,-17,58
21,-17,58
21,-17,58
21,-16,58
21,-17,58
21,-17,58
21,-16,58
21,-17,58
21,-17,58
21,-16,58
21,-17,58
21,-17,58
21,-17,58
21,-16,58
21,-17,58
21,-17,58
21,-16,58
20,-17,58
20,-17,58
21,-17,58
21,-17,58
21,-17,58
20,-17,58
21,-16,58
21,-17,58
20,-17,58
20,-17,58
20,-17,58
20,-17,58
20,-17,58
21,-17,58
20,-17,58
21,-16,58
20,-17,58
20,-17,58
20,-17,58
20,-17,58
20,-16,58
20,-17,58
20,-17,58
20,-17,58
20,-17,58
20,-17,58
20,-17,58
20,-17,58
20,-17,58
20,-17,58
20,-17,58
20,-17,58
20,-16,58
19,-17,58
20,-17,58
21,-17,58
20,-16,58
20,-17,58
20,-17,58
20,-17,58
20,-17,58
21,-17,58
21,-16,58
20,-17,58
20,-17,58
20,-17,58
20,-16,58
20,-17,58
20,-16,58
20,-17,58
20,-17,58
20,-17,58
20,-17,58
20,-17,58
20,-17,58
20,-17,58
20,-17,58
20,-17,58
20,-16,58
20,-17,58
20,-17,58
20,-17,58
20,-17,58
20,-17,58
20,-17,58
20,-17,58
20,-16,58
20,-17,58
20,-17,58
20,-17,58
20,-17,58
20,-17,58
20,-16,58
20,-17,58
20,-17,58
20,-17,58
20,-16,58
20,-17,58
20,-17,58
20,-17,58
20,-17,58
20,-17,58
20,-17,58
20,-17,58
20,-17,58
20,-17,58
20,-16,58
20,-17,58
20,-16,58
20,-17,59
20,-16,58
20,-17,58
20,-16,58
20,-17,58
20,-17,58
21,-16,58
20,-17,58
20,-16,58
20,-17,58
20,-17,58
20,-17,58
20,-16,58
20,-16,58
20,-17,58
20,-16,58
20,-16,58
20,-16,58
20,-17,58
20,-16,58
20,-17,58
20,-17,58
20,-17,58
20,-17,58
20,-16,58
20,-16,58
20,-16,58
20,-17,58
20,-17,58
20,-16,58
20,-17,58
20,-17,58
20,-17,58
20,-16,58
20,-17,58
20,-17,58
20,-17,58
20,-17,58
20,-16,58
21,-16,58
20,-17,58
19,-17,58
20,-16,58
20,-16,58
20,-17,58
20,-17,58
20,-17,58
20,-17,58
20,-17,58
20,-16,58
20,-17,58
20,-17,58
20,-17,58
20,-17,58
20,-17,58
20,-17,58
20,-17,58
20,-17,58
20,-17,58
20,-17,58
20,-17,58
19,-17,58
20,-17,58
20,-17,58
20,-16,58
20,-17,58
20,-17,58
20,-17,58
20,-17,58
20,-17,58
20,-17,58
20,-17,58
19,-17,58
20,-17,58
20,-17,58
20,-17,58
20,-17,58
20,-17,58
20,-17,58
20,-17,58
20,-17,58
20,-16,58
20,-17,58
20,-17,58
20,-17,58
20,-17,58
20,-17,58
20,-17,58
20,-17,58
20,-17,58
20,-17,58
20,-17,58
20,-17,58
19,-17,58
20,-17,58
20,-17,58
20,-17,58
20,-17,58
20,-17,58
20,-17,58
20,-17,58
20,-17,58
20,-17,58
20,-17,58
20,-17,58
20,-17,58
20,-17,58
20,-17,58
20,-17,58
20,-17,58
20,-16,58
20,-17,58
20,-17,58
20,-17,58
20,-17,58
20,-17,58
20,-17,58
20,-16,58
20,-17,58
20,-17,58
20,-17,58
20,-16,58
20,-17,58
20,-17,58
20,-17,58
20,-17,58
20,-17,58
20,-17,58
20,-17,58
20,-17,58
20,-17,58
20,-17,58
20,-17,58
20,-17,58
20,-17,58
20,-17,58
20,-17,58
20,-17,58
20,-17,58
20,-17,58
20,-16,58
20,-17,58
20,-17,58
20,-17,58
20,-17,58
20,-17,58
20,-17,58
20,-17,58
20,-17,58
20,-16,58
20,-17,58
20,-17,58
20,-17,58
20,-17,58
20,-17,58
20,-17,58
20,-17,58
20,-17,58
20,-17,58
20,-16,58
20,-17,58
20,-16,58
20,-16,58
20,-17,58
20,-17,58
20,-17,58
20,-17,58
20,-17,58
20,-17,58
20,-17,58
20,-17,58
20,-17,58
20,-17,58
20,-17,58
20,-17,58
20,-17,58
20,-17,58
20,-17,58
20,-17,58
20,-17,58
20,-17,58
20,-17,58
20,-17,58
20,-17,58
20,-17,58
20,-17,58
20,-17,58
20,-17,58
20,-17,58
20,-17,58
20,-17,58
20,-17,58
20,-17,58
20,-17,58
20,-17,58
20,-17,58
20,-17,58
20,-17,58
20,-17,58
20,-17,58
20,-17,58
20,-17,58
20,-17,58
20,-17,58
20,-16,58
20,-17,58
20,-17,58
20,-17,58
20,-16,58
21,-17,58
20,-17,59
19,-16,58
20,-16,58
20,-17,58
20,-17,58
20,-17,58
20,-17,58
20,-17,58
20,-17,58
20,-17,58
20,-17,58
20,-17,58
20,-17,58
20,-17,58
20,-17,58
20,-17,58
20,-17,58
20,-17,58
20,-17,58
20,-17,58
20,-17,58
20,-17,58
20,-17,58
20,-17,58
20,-17,58
20,-17,58
20,-17,58
20,-17,58
20,-17,58
20,-17,58
20,-17,58
20,-17,58
20,-17,58
20,-17,58
20,-17,58
20,-17,58
20,-17,58
20,-17,58
20,-17,58
20,-17,58
20,-17,58
20,-17,58
20,-17,58
20,-17,58
20,-17,58
20,-17,58
20,-17,58
20,-17,58
20,-17,58
20,-17,58
20,-17,58
20,-17,58
20,-17,58
20,-17,58
20,-17,58
20,-17,58
20,-17,58
20,-17,58
20,-17,58
20,-17,58
20,-17,58
20,-17,58
20,-16,58
20,-17,58
20,-17,58
20,-17,58
20,-17,58
20,-17,58
20,-17,58
20,-17,58
20,-17,58
20,-17,58
20,-17,58
20,-17,58
20,-17,58
20,-17,58
20,-17,58
20,-16,58
20,-17,58
20,-17,58
20,-17,58
20,-17,58
20,-17,58
20,-17,58
20,-16,58
20,-17,58
20,-17,58
20,-17,58
20,-17,58
20,-17,58
20,-17,58
20,-17,58
20,-17,58
20,-17,58
20,-17,58
20,-17,58
20,-17,58
20,-17,58
20,-17,58
20,-17,58
20,-17,58
20,-17,58
20,-17,58
20,-17,58
20,-17,58
20,-17,58
20,-17,58
20,-17,58
20,-17,58
20,-17,58
20,-17,58
20,-17,58
20,-17,58
20,-17,58
20,-17,58
20,-17,58
20,-17,58
20,-17,58
20,-17,58
20,-17,58
20,-17,58
20,-17,58
20,-17,58
20,-17,58
20,-17,58
20,-17,58
20,-17,58
20,-17,58
19,-17,58
20,-17,58
20,-16,58
20,-16,58
20,-17,58
20,-17,58
20,-16,58
20,-17,58
20,-17,58
20,-17,58
20,-17,58
20,-17,58
20,-17,58
20,-17,58
20,-17,58
20,-17,58
20,-17,58
20,-17,58
20,-17,58
20,-17,58
20,-17,58
20,-17,58
20,-16,58
20,-17,58
20,-17,58
20,-17,58
20,-17,58
20,-17,58
20,-17,58
20,-17,58
20,-17,58
20,-16,58
20,-17,58
20,-17,58
20,-17,58
20,-16,58
20,-17,58
20,-17,58
20,-17,58
20,-17,58
20,-17,58
20,-17,58
20,-17,58
20,-17,58
20,-17,58
20,-17,58
20,-16,58
20,-17,58
20,-17,58
20,-16,58
20,-17,58
20,-17,58
20,-17,58
20,-17,58
20,-17,58
20,-17,58
20,-17,58
20,-17,58
20,-17,58
20,-17,58
20,-17,58
20,-17,58
20,-17,58
20,-17,58
20,-17,58
20,-17,58
20,-17,58
20,-17,58
20,-17,58
20,-16,58
20,-17,58
20,-17,58
20,-17,58
20,-16,58
20,-16,58
20,-17,58
20,-17,58
20,-17,58
20,-17,58
20,-17,58
20,-17,58
20,-16,58
20,-17,58
20,-16,58
20,-16,58
20,-17,58
20,-16,58
20,-16,58
20,-17,58
20,-17,58
20,-17,58
20,-16,58
20,-17,58
20,-17,58
20,-17,58
20,-16,58
20,-16,58
20,-16,58
20,-17,58
20,-17,58
20,-17,58
20,-17,58
20,-17,58
20,-16,58
20,-17,58
20,-17,58
20,-16,58
20,-16,58
20,-16,58
20,-17,58
20,-16,58
20,-17,58
20,-17,58
20,-17,58
20,-17,58
20,-17,58
20,-16,58
20,-16,58
20,-16,58
20,-17,58
20,-16,58
20,-16,58
20,-17,58
20,-17,58
20,-17,58
20,-16,58
20,-16,58
20,-16,58
20,-17,58
20,-17,58
20,-16,58
20,-16,58
20,-17,58
20,-16,58
20,-16,58
20,-16,58
20,-16,58
20,-16,58
20,-16,58
20,-16,58
20,-17,58
20,-16,58
20,-16,58
20,-16,58
20,-17,58
20,-17,58
20,-17,58
20,-16,58
20,-17,58
20,-17,58
20,-17,58
20,-16,58
20,-16,58
20,-17,58
20,-16,58
20,-17,58
20,-16,58
20,-16,58
21,-17,58
19,-17,59
20,-16,58
21,-16,58
20,-17,59
21,-17,59
20,-16,57
19,-16,58
19,-16,58
21,-17,58
20,-17,58
21,-16,58
21,-16,58
20,-17,58
20,-17,59
20,-15,58
19,-18,58
18,-17,58
20,-15,58
22,-16,60
21,-17,59
17,-17,58
17,-17,58
19,-17,58
19,-17,58
20,-18,58
17,-18,57
18,-17,60
21,-16,58
20,-16,58
21,-17,59
21,-18,60
16,-15,57
14,-16,57
19,-18,59
18,-16,58
19,-17,59
19,-16,60
18,-16,58
19,-17,59
18,-15,58
19,-16,58
18,-16,58
18,-16,58
19,-17,59
20,-16,59
19,-17,58
20,-16,60
20,-16,58
20,-17,58
19,-17,58
20,-16,59
22,-16,59
20,-17,58
22,-17,58
21,-16,59
22,-16,58
22,-16,58
21,-16,58
21,-17,58
21,-16,58
21,-16,58
20,-17,58
20,-17,58
21,-17,58
21,-17,58
21,-16,58
21,-16,58
21,-17,57
20,-17,57
21,-16,58
21,-17,58
21,-17,58
21,-17,58
21,-17,58
21,-16,58
20,-17,58
21,-17,58
21,-16,59
22,-17,58
20,-17,58
20,-17,58
21,-17,58
20,-17,58
20,-17,58
20,-16,59
20,-17,58
20,-17,58
20,-17,58
21,-16,58
20,-17,58
20,-17,58
20,-16,58
20,-16,58
20,-17,59
20,-16,58
20,-17,59
19,-17,58
19,-16,58
21,-17,58
20,-17,58
21,-16,58
20,-16,58
21,-17,58
20,-16,58
20,-16,58
20,-17,58
20,-16,58
20,-17,58
19,-17,58
19,-17,58
20,-17,58
19,-17,58
20,-17,58
20,-17,58
20,-17,58
19,-17,58
20,-17,58
21,-16,58
20,-16,58
20,-17,58
21,-17,58
20,-16,58
21,-16,58
21,-17,58
20,-16,58
20,-16,58
21,-16,58
20,-17,58
19,-16,57
18,-16,57
21,-17,59
23,-15,58
24,-15,58
23,-16,58
22,-16,58
23,-16,58
23,-15,58
22,-15,57
22,-16,58
22,-16,58
22,-16,58
22,-16,58
21,-16,58
22,-15,58
22,-16,58
21,-16,58
22,-16,57
22,-16,58
21,-16,58
21,-16,58
22,-16,58
21,-16,58
21,-16,58
21,-16,58
21,-16,58
20,-16,58
21,-16,58
21,-16,58
21,-16,58
21,-17,58
21,-16,58
21,-16,58
21,-17,58
21,-17,58
21,-16,58
21,-16,58
21,-17,58
21,-16,58
21,-16,58
21,-16,58
21,-17,58
21,-16,58
21,-16,58
20,-17,58
21,-16,58
21,-16,58
21,-17,58
21,-16,58
21,-17,58
21,-16,58
21,-16,58
21,-16,58
21,-16,58
21,-16,58
21,-16,58
21,-16,58
21,-16,58
21,-16,58
21,-16,58
21,-16,58
21,-16,58
21,-16,58
21,-16,58
21,-16,58
21,-16,58
21,-16,58
21,-16,58
21,-16,58
20,-16,58
21,-16,58
21,-16,58
21,-16,58
21,-16,58
20,-16,58
21,-16,58
20,-16,58
21,-16,58
20,-16,58
20,-16,58
21,-16,58
21,-16,58
21,-16,58
21,-16,58
20,-16,58
20,-16,58
20,-16,58
20,-16,58
21,-16,58
21,-16,58
21,-16,58
21,-16,58
20,-16,58
20,-17,58
20,-16,58
20,-16,58
20,-16,58
20,-16,58
20,-17,58
20,-16,58
20,-17,58
20,-16,58
20,-17,58
20,-16,58
20,-16,58
20,-17,58
20,-16,58
20,-16,58
20,-16,58
20,-16,58
20,-16,58
20,-16,58
20,-16,58
20,-16,58
20,-16,58
20,-16,58
20,-16,58
20,-16,58
20,-17,58
20,-16,58
20,-16,58
20,-17,58
20,-16,58
20,-16,58
20,-17,59
20,-17,58
19,-16,58
20,-17,59
19,-16,59
19,-17,58
19,-16,58
19,-17,59
19,-16,58
19,-16,58
19,-17,59
19,-17,59
19,-16,58
19,-17,59
19,-16,58
19,-16,58
19,-17,59
19,-16,58
19,-17,58
19,-16,59
19,-17,59
19,-17,58
19,-17,59
19,-16,59
18,-16,59
19,-17,59
19,-17,59
19,-16,59
19,-17,59
19,-17,59
19,-17,59
19,-16,59
19,-17,59
19,-16,59
19,-17,59
19,-17,59
19,-17,58
18,-17,59
19,-17,59
19,-17,58
19,-17,59
18,-17,59
19,-17,59
19,-17,59
19,-17,59
19,-17,58
19,-17,59
19,-17,59
19,-17,59
19,-17,58
18,-17,59
18,-16,59
18,-17,59
18,-17,59
18,-17,58
18,-17,59
18,-17,59
18,-17,59
18,-17,58
18,-17,59
18,-17,59
18,-17,59
18,-17,59
18,-17,59
18,-17,59
18,-17,59
18,-17,59
17,-17,59
18,-17,59
18,-17,59
18,-17,59
18,-17,59
18,-17,59
18,-17,59
18,-17,59
18,-17,59
18,-17,59
18,-17,59
18,-17,59
18,-17,59
18,-17,59
18,-17,59
18,-17,59
18,-17,59
18,-17,59
18,-17,59
18,-17,59
18,-17,59
18,-17,59
18,-17,59
18,-17,59
18,-17,59
18,-17,59
18,-17,59
18,-17,59
18,-17,59
18,-17,59
18,-17,59
18,-17,59
18,-17,59
18,-17,59
18,-17,59
18,-17,59
18,-17,59
18,-17,59
18,-17,59
18,-17,59
18,-17,59
18,-17,59
18,-17,59
18,-17,59
18,-17,59
18,-17,59
18,-17,59
18,-17,59
17,-17,59
18,-17,59
18,-17,59
18,-17,59
18,-17,59
17,-17,59
18,-17,59
17,-17,59
18,-17,59
18,-17,59
17,-17,59
18,-17,59
18,-17,59
18,-17,59
17,-17,59
18,-17,59
18,-17,58
18,-17,59
18,-17,59
17,-17,59
17,-17,59
18,-17,59
18,-17,59
18,-17,59
18,-17,59
18,-17,59
18,-17,59
18,-17,59
18,-17,59
18,-17,59
18,-17,59
18,-17,59
18,-17,59
18,-17,59
18,-17,59
18,-17,59
18,-17,59
17,-17,58
18,-17,59
18,-17,59
18,-17,59
18,-17,59
18,-17,59
18,-17,59
18,-16,59
18,-17,59
17,-17,59
18,-17,59
18,-17,59
18,-17,58
18,-17,59
19,-17,59
18,-17,59
18,-17,59
17,-17,59
18,-17,59
18,-17,59
17,-17,59
17,-17,59
17,-17,59
17,-17,59
17,-17,59
18,-17,59
17,-17,59
17,-17,59
17,-17,59
17,-17,59
17,-17,59
16,-17,59
17,-17,59
17,-17,59
16,-17,59
16,-17,59
17,-17,59
17,-17,59
16,-17,59
17,-17,59
17,-17,59
16,-17,59
17,-17,59
17,-17,59
16,-17,59
16,-17,59
16,-17,59
16,-17,59
16,-17,59
16,-17,59
16,-17,59
16,-17,59
17,-17,59
16,-17,59
16,-17,59
15,-17,59
16,-18,59
15,-17,59
17,-17,60
17,-17,59
16,-17,59
16,-17,59
16,-17,59
16,-17,59
16,-17,59
16,-17,59
15,-17,59
16,-17,59
16,-17,59
15,-17,59
17,-17,60
17,-17,60
16,-17,59
16,-17,59
16,-17,59
16,-17,59
17,-17,59
16,-17,59
16,-17,59
16,-17,59
16,-17,59
16,-17,59
16,-17,59
17,-17,59
16,-17,59
16,-17,59
16,-17,59
16,-17,59
16,-17,59
17,-17,60
16,-17,59
16,-17,59
16,-17,59
16,-17,59
16,-17,59
16,-17,59
16,-17,59
16,-17,59
16,-17,60
16,-17,59
16,-17,59
16,-17,59
16,-17,59
16,-17,59
16,-17,59
16,-17,59
16,-17,59
16,-17,59
17,-17,59
16,-17,59
17,-17,59
17,-17,59
16,-17,59
16,-17,59
17,-17,59
17,-17,59
16,-17,59
17,-17,60
16,-17,59
17,-17,59
16,-17,59
16,-17,59
16,-17,59
16,-17,59
16,-17,59
16,-17,59
16,-17,59
16,-17,59
16,-17,59
16,-17,59
16,-17,59
16,-17,59
16,-17,59
16,-17,59
16,-17,59
16,-17,59
16,-17,59
16,-17,59
16,-17,59
17,-17,59
16,-17,59
16,-17,59
16,-17,59
16,-17,59
16,-17,59
16,-17,59
16,-17,59
16,-17,59
16,-17,59
16,-17,59
16,-17,59
16,-17,59
16,-17,59
16,-17,59
16,-17,59
16,-17,59
16,-17,59
16,-17,59
16,-17,59
16,-17,59
16,-17,59
16,-17,59
16,-17,59
16,-17,59
16,-17,59
16,-17,59
16,-17,59
16,-17,59
16,-17,59
16,-17,59
16,-17,60
16,-17,59
16,-17,59
16,-17,59
15,-17,59
15,-17,60
16,-17,59
15,-17,59
15,-17,60
16,-17,59
16,-17,59
15,-17,59
16,-17,59
16,-17,60
16,-17,59
16,-17,60
16,-17,60
16,-17,59
16,-17,59
16,-17,59
16,-17,59
16,-17,59
16,-17,59
16,-17,59
16,-17,59
16,-17,59
15,-17,59
16,-17,60
16,-17,59
16,-17,59
16,-17,59
16,-17,59
16,-17,59
16,-17,60
15,-17,60
16,-17,59
16,-17,59
16,-17,59
16,-17,59
16,-17,59
16,-17,59
15,-17,60
16,-17,59
16,-17,59
16,-17,59
16,-17,59
16,-17,59
16,-17,59
16,-17,59
16,-17,59
16,-17,59
16,-17,59
16,-17,59
16,-17,59
15,-17,59
16,-17,59
15,-17,59
16,-17,59
16,-17,59
15,-17,59
16,-17,59
16,-17,59
15,-17,59
16,-17,59
15,-17,59
15,-17,59
16,-17,59
15,-17,59
15,-17,59
15,-17,59
15,-17,59
15,-17,59
16,-17,60
15,-17,59
15,-17,59
15,-17,59
15,-17,59
15,-17,60
15,-17,60
15,-17,60
15,-17,59
15,-17,59
15,-17,59
15,-17,59
15,-17,59
15,-17,59
15,-17,60
15,-17,60
15,-17,59
15,-17,60
15,-17,60
15,-17,59
15,-17,60
15,-17,60
15,-17,60
15,-17,60
15,-17,60
15,-17,59
15,-17,60
15,-17,60
15,-17,60
15,-17,59
15,-17,60
15,-17,60
15,-17,59
15,-17,60
15,-17,60
15,-17,59
15,-17,59
15,-17,59
15,-17,60
15,-17,59
15,-17,59
15,-17,59
15,-17,60
15,-17,60
15,-17,59
15,-17,59
15,-17,59
15,-17,60
15,-17,59
15,-17,59
15,-17,60
15,-17,59
15,-17,59
15,-17,60
15,-17,59
15,-17,59
15,-17,60
15,-17,59
15,-17,59
15,-17,60
15,-17,60
15,-17,59
15,-17,60
15,-17,59
15,-17,59
15,-17,59
15,-17,59
15,-17,60
15,-17,59
15,-17,60
15,-17,59
15,-17,59
15,-17,60
15,-17,60
15,-17,59
15,-17,59
15,-17,60
15,-17,60
15,-17,59
15,-17,59
15,-17,60
15,-17,60
15,-17,60
15,-17,59
15,-17,60
15,-17,60
15,-17,60
15,-17,60
15,-17,60
15,-17,60
15,-17,59
15,-17,59
15,-17,60
15,-17,59
15,-17,59
15,-17,60
15,-17,60
15,-17,60
15,-17,59
15,-17,59
15,-17,60
15,-17,59
15,-17,60
15,-17,59
15,-17,59
15,-17,59
15,-17,60
15,-17,59
15,-17,60
15,-17,59
15,-17,59
15,-17,60
15,-17,59
15,-17,60
15,-17,60
15,-17,60
15,-17,60
15,-17,59
15,-17,60
15,-17,60
15,-17,60
15,-17,59
15,-17,59
15,-17,60
15,-17,59
15,-17,60
15,-17,59
14,-17,60
15,-17,60
15,-17,60
14,-17,59
15,-17,60
15,-17,60
14,-17,59
14,-17,60
14,-17,59
14,-17,60
14,-17,60
15,-17,60
14,-17,60
15,-17,60
14,-17,59
14,-17,60
15,-17,60
15,-17,60
15,-17,60
15,-17,59
15,-17,59
15,-17,59
15,-17,60
15,-17,60
15,-17,60
15,-17,59
15,-17,59
15,-17,59
16,-18,58
15,-17,59
15,-17,60
16,-17,59
16,-17,60
15,-17,60
16,-17,60
16,-17,59
15,-17,59
15,-17,59
15,-17,59
16,-17,59
16,-17,59
15,-17,59
15,-17,59
15,-17,59
15,-17,59
15,-18,59
15,-17,59
15,-17,59
15,-17,59
15,-17,59
15,-17,59
15,-17,59
15,-17,59
15,-18,59
15,-17,59
15,-17,59
15,-18,59
15,-18,59
16,-17,59
15,-18,59
15,-17,59
16,-17,59
16,-17,60
15,-17,59
15,-17,59
15,-17,59
15,-17,59
15,-17,59
15,-17,59
15,-18,60
15,-18,59
15,-17,60
15,-17,59
15,-17,59
15,-17,59
16,-17,59
16,-17,59
16,-17,60
15,-17,59
16,-17,59
16,-17,59
16,-17,59
16,-17,59
16,-17,60
16,-17,59
16,-17,59
16,-17,59
16,-17,59
16,-17,59
16,-17,59
15,-17,59
16,-17,59
17,-17,59
16,-17,59
16,-17,59
16,-17,59
16,-17,59
16,-17,59
16,-17,59
16,-17,59
16,-17,59
16,-17,59
16,-17,59
16,-17,59
16,-17,59
16,-17,59
16,-17,59
16,-17,59
16,-17,59
16,-17,59
16,-17,59
15,-17,59
15,-17,59
16,-17,59
16,-17,59
15,-17,59
16,-17,59
15,-17,59
15,-17,59
16,-17,59
15,-17,59
15,-17,59
16,-17,59
15,-17,59
16,-17,59
16,-17,59
15,-17,59
16,-17,59
15,-17,59
16,-17,60
16,-17,59
15,-17,59
15,-17,60
15,-17,59
15,-17,59
15,-17,59
15,-17,59
15,-17,59
15,-17,60
15,-17,59
15,-17,59
16,-17,59
16,-17,59
15,-17,59
16,-17,59
15,-17,59
16,-17,59
15,-17,59
15,-17,59
15,-17,59
15,-17,59
15,-17,59
16,-17,59
15,-17,59
16,-17,60
16,-17,59
15,-17,59
15,-17,59
15,-17,59
15,-17,59
15,-17,59
15,-17,60
16,-17,59
15,-17,59
16,-17,59
15,-17,59
15,-17,60
15,-17,59
15,-17,59
15,-17,59
15,-17,59
15,-17,60
15,-17,59
16,-17,59
15,-17,60
15,-17,59
15,-17,59
15,-17,59
15,-17,59
15,-17,59
15,-17,59
15,-17,59
15,-17,60
15,-17,59
15,-17,60
15,-17,60
15,-17,59
15,-17,60
15,-17,60
15,-17,59
15,-17,59
16,-17,59
15,-17,59
16,-17,59
15,-17,59
15,-17,59
15,-17,59
15,-17,59
15,-17,60
15,-17,59
15,-17,59
15,-17,59
15,-17,59
16,-17,59
15,-17,59
15,-17,59
15,-17,59
15,-17,59
15,-17,59
15,-17,60
15,-17,60
15,-17,59
15,-17,59
15,-17,60
15,-17,59
15,-17,60
15,-17,59
15,-17,59
15,-17,60
15,-17,60
15,-17,59
15,-17,60
15,-17,60
15,-17,59
15,-17,59
15,-17,60
15,-17,60
15,-17,59
15,-17,59
15,-17,60
15,-17,59
15,-17,59
15,-17,59
15,-17,60
15,-17,60
15,-17,60
15,-17,59
15,-17,59
15,-17,60
15,-17,60
15,-17,59
15,-17,59
15,-17,59
15,-17,59
15,-17,59
15,-17,59
15,-17,59
15,-17,60
15,-17,60
15,-17,59
15,-17,59
15,-17,60
15,-17,59
15,-17,60
15,-17,60
15,-17,60
15,-17,60
15,-17,59
15,-17,60
15,-17,60
15,-17,60
15,-17,60
15,-17,59
15,-17,60
15,-17,60
15,-17,60
15,-17,59
15,-17,59
15,-17,59
15,-17,60
15,-17,60
15,-17,59
15,-17,60
15,-17,60
15,-17,60
15,-17,60
15,-17,59
15,-17,59
15,-17,60
15,-17,60
15,-17,60
15,-17,60
15,-17,60
15,-17,59
15,-17,60
15,-17,60
15,-17,60
15,-17,60
15,-17,59
15,-17,60
15,-17,60
15,-17,60
15,-17,59
15,-17,60
15,-17,59
15,-17,59
15,-17,60
15,-17,60
15,-17,60
15,-17,60
15,-17,60
15,-17,60
15,-17,59
15,-17,60
15,-17,60
15,-17,60
15,-17,60
15,-17,60
15,-17,59
15,-17,60
15,-17,59
15,-17,59
15,-17,59
15,-17,59
15,-17,59
15,-17,60
15,-17,60
15,-17,59
15,-17,60
15,-17,60
15,-17,60
15,-17,60
15,-17,60
15,-17,60
15,-17,60
15,-17,60
15,-17,60
14,-17,59
15,-17,60
15,-17,59
14,-17,60
15,-17,60
15,-17,59
15,-17,60
15,-17,60
14,-17,60
15,-17,60
15,-17,60
15,-17,60
15,-17,59
15,-17,60
15,-17,59
15,-17,60
15,-17,60
15,-17,60
14,-17,59
15,-17,60
14,-17,60
15,-17,60
15,-17,59
15,-17,60
14,-17,60
15,-17,60
15,-17,60
15,-17,60
15,-17,60
15,-17,60
15,-17,59
15,-17,60
15,-17,60
15,-17,60
14,-17,59
14,-17,60
15,-17,60
15,-17,60
15,-17,60
15,-17,60
15,-17,60
15,-17,59
14,-17,60
15,-17,60
15,-17,60
14,-17,60
15,-17,60
15,-17,60
15,-17,60
15,-17,60
15,-17,60
15,-17,60
15,-17,59
15,-17,60
15,-17,60
14,-17,60
15,-17,60
15,-17,60
15,-17,60
15,-17,60
15,-17,60
14,-17,60
15,-17,59
15,-17,60
15,-17,60
14,-17,59
15,-17,60
14,-17,60
15,-17,59
15,-17,60
14,-17,60
15,-17,59
14,-17,60
14,-17,60
14,-17,60
14,-17,60
15,-17,60
14,-17,59
15,-17,60
14,-17,60
14,-17,60
14,-17,60
15,-17,60
14,-17,60
15,-17,60
14,-17,60
14,-17,60
14,-17,60
14,-17,60
14,-17,60
14,-17,59
14,-17,60
14,-17,60
15,-17,60
15,-17,59
14,-17,59
14,-17,60
15,-17,60
14,-17,59
14,-17,60
14,-17,60
14,-17,60
14,-17,60
14,-17,60
14,-17,60
14,-17,60
14,-17,60
15,-17,60
14,-17,59
15,-17,60
14,-17,59
15,-17,59
15,-17,60
14,-17,60
15,-17,60
15,-17,60
14,-17,59
14,-17,59
14,-17,60
14,-17,60
14,-17,60
14,-17,60
14,-17,60
15,-17,60
14,-17,59
14,-17,60
14,-17,60
14,-17,60
14,-17,60
14,-17,60
15,-17,60
14,-17,60
15,-17,60
14,-17,59
15,-17,60
15,-17,60
15,-17,60
14,-17,59
14,-17,59
14,-17,60
14,-17,60
14,-17,59
15,-17,60
14,-17,60
14,-17,60
15,-17,59
15,-17,59
14,-17,59
15,-17,60
14,-17,60
15,-17,60
15,-17,60
15,-17,60
15,-17,60
15,-17,60
15,-17,59
14,-17,59
14,-17,59
14,-17,59
14,-17,59
15,-17,60
15,-17,60
15,-17,59
15,-17,60
15,-17,60
15,-17,60
14,-17,59
14,-17,60
15,-17,60
14,-17,60
14,-17,60
14,-17,60
15,-17,60
15,-17,60
14,-17,60
15,-17,60
14,-17,60
14,-17,60
14,-17,60
14,-17,60
15,-17,60
14,-17,60
15,-17,60
15,-17,59
14,-17,60
14,-17,59
14,-17,60
14,-17,60
15,-17,59
14,-17,60
14,-17,59
14,-17,60
14,-17,60
14,-17,60
15,-17,60
15,-17,60
15,-17,60
14,-17,59
14,-17,60
15,-17,60
14,-17,60
14,-17,60
15,-17,60
14,-17,59
14,-17,60
14,-17,60
14,-17,59
15,-17,60
14,-17,60
14,-17,60
15,-17,60
15,-17,60
15,-17,60
15,-17,60
14,-17,59
15,-17,60
14,-17,60
15,-17,60
15,-17,60
14,-17,60
14,-17,60
15,-17,60
14,-17,60
14,-17,60
15,-17,60
14,-17,59
14,-17,59
14,-17,60
14,-17,60
14,-17,60
15,-17,59
14,-17,60
14,-17,59
15,-17,59
14,-17,59
14,-17,60
14,-17,60
14,-17,60
14,-17,59
15,-17,60
14,-17,59
15,-17,60
14,-17,60
14,-17,59
15,-17,59
15,-17,60
14,-17,59
14,-17,59
15,-17,60
15,-17,60
14,-17,60
15,-17,60
14,-17,60
14,-17,60
15,-17,60
14,-17,60
15,-17,60
15,-17,60
14,-17,60
14,-17,60
15,-17,60
14,-17,60
14,-17,60
14,-17,60
14,-17,60
14,-17,60
15,-17,60
14,-17,60
14,-17,60
15,-17,60
15,-17,60
14,-17,60
15,-17,60
14,-17,59
14,-17,60
14,-17,60
14,-17,60
14,-17,60
15,-17,60
14,-17,60
14,-17,60
14,-17,60
14,-17,60
14,-17,59
15,-17,60
15,-17,60
15,-17,60
15,-17,60
15,-17,60
15,-17,60
14,-17,60
15,-17,60
15,-17,60
14,-17,60
14,-17,60
14,-17,60
15,-17,60
14,-17,60
15,-17,59
15,-17,60
15,-17,60
14,-17,59
15,-17,60
15,-17,60
15,-17,60
15,-17,59
15,-17,60
15,-17,60
15,-17,60
15,-17,59
15,-17,59
15,-17,60
14,-17,59
15,-17,60
15,-17,59
15,-17,59
15,-17,60
15,-17,60
15,-17,60
15,-17,60
15,-17,60
15,-17,60
15,-17,59
15,-17,60
14,-17,59
15,-17,59
14,-17,60
14,-17,60
15,-17,60
14,-17,60
15,-17,59
14,-17,60
15,-17,60
14,-17,59
15,-17,60
15,-17,60
15,-17,60
14,-17,60
14,-17,60
15,-17,60
15,-17,60
14,-17,60
15,-17,60
15,-17,60
15,-17,60
15,-17,59
14,-17,60
15,-17,60
15,-17,60
15,-17,60
15,-17,60
15,-17,60
15,-17,60
15,-17,59
15,-17,60
15,-17,60
15,-17,60
15,-17,60
15,-17,59
15,-17,60
15,-17,59
15,-17,60
15,-17,60
15,-17,60
15,-17,60
15,-17,60
15,-17,60
15,-17,59
15,-17,60
15,-17,60
15,-17,59
15,-17,60
15,-17,60
15,-17,59
15,-17,60
15,-17,60
15,-17,60
15,-17,60
15,-17,59
15,-17,60
15,-17,59
15,-17,59
15,-17,60
15,-17,60
15,-17,60
15,-17,60
15,-17,60
15,-17,60
15,-17,59
15,-17,60
14,-17,60
15,-17,59
15,-17,60
15,-17,60
15,-17,60
15,-17,60
14,-17,59
14,-17,60
14,-17,59
15,-17,59
15,-17,60
15,-17,59
15,-17,60
14,-17,60
14,-17,60
15,-17,60
14,-17,60
14,-17,60
14,-17,60
15,-17,60
14,-17,60
14,-17,59
15,-17,60
14,-17,60
15,-17,60
14,-17,59
14,-17,60
14,-17,60
14,-17,59
14,-17,60
14,-17,60
14,-17,60
14,-17,60
14,-17,60
14,-17,60
13,-17,60
14,-17,60
13,-17,60
14,-17,60
14,-17,60
14,-17,60
14,-17,60
14,-17,60
14,-17,60
13,-17,59
14,-17,60
14,-17,60
14,-17,60
13,-17,60
13,-17,59
14,-17,60
14,-17,60
13,-17,60
14,-17,60
14,-17,60
14,-17,60
14,-17,60
13,-16,59
13,-17,59
15,-18,61
14,-16,60
14,-17,59
15,-18,60
14,-17,60
14,-17,59
14,-18,59
13,-17,59
14,-17,59
16,-17,61
14,-17,59
14,-17,59
13,-17,60
14,-17,60
14,-17,60
13,-17,60
13,-17,59
14,-17,60
14,-17,60
13,-17,60
13,-17,60
14,-18,60
13,-17,60
14,-17,60
14,-17,60
14,-17,61
13,-17,60
14,-17,59
14,-17,60
13,-17,59
14,-17,59
14,-17,60
15,-17,62
15,-16,60
16,-18,60
13,-17,59
13,-17,59
14,-18,60
12,-17,59
15,-17,62
15,-15,60
15,-18,59
14,-17,58
16,-16,61
15,-17,61
14,-17,60
13,-17,59
13,-17,60
13,-18,59
14,-18,61
13,-16,60
14,-17,60
13,-17,59
13,-17,59
14,-17,60
14,-17,60
14,-17,59
13,-17,60
13,-17,60
15,-17,59
13,-17,60
16,-16,60
16,-16,60
16,-17,60
16,-16,59
16,-15,59
16,-17,60
16,-17,59
16,-17,60
15,-16,60
15,-16,59
17,-17,60
15,-17,59
15,-17,59
17,-17,60
16,-16,60
16,-17,59
15,-17,60
15,-17,59
15,-17,59
15,-17,59
15,-17,60
15,-17,60
15,-17,59
14,-17,59
13,-17,60
13,-17,59
14,-17,60
14,-17,60
14,-17,60
14,-17,60
14,-17,60
14,-17,60
13,-17,59
13,-17,59
15,-17,60
13,-17,59
15,-17,60
14,-17,60
14,-17,60
15,-17,60
15,-17,60
15,-17,60
15,-17,60
15,-17,60
14,-17,60
14,-17,59
14,-17,60
14,-17,60
14,-17,60
14,-17,60
15,-17,60
14,-16,60
14,-17,60
14,-17,60
14,-17,60
13,-17,59
13,-17,59
13,-17,60
14,-17,60
13,-17,60
13,-17,59
14,-17,60
14,-17,60
14,-17,60
14,-17,60
14,-17,60
14,-17,60
15,-17,60
15,-17,60
15,-17,60
14,-17,59
12,-17,60
12,-17,60
11,-17,60
12,-17,60
13,-17,60
12,-17,60
13,-17,60
12,-17,60
12,-17,60
12,-17,60
12,-17,60
13,-17,60
12,-17,60
12,-17,60
12,-17,60
12,-17,60
12,-17,60
12,-17,60
12,-17,60
13,-17,60
13,-17,60
12,-17,60
13,-17,60
13,-17,60
13,-17,60
12,-17,60
13,-16,60
14,-17,60
14,-17,60
14,-17,60
14,-17,60
14,-17,60
13,-17,60
14,-17,60
14,-17,60
14,-17,60
14,-17,60
13,-17,60
14,-17,60
14,-17,60
14,-17,60
14,-17,60
14,-17,60
14,-17,60
14,-17,60
14,-17,60
14,-17,60
13,-17,60
13,-17,60
13,-17,60
14,-17,60
13,-17,60
14,-17,60
13,-17,60
13,-17,60
13,-17,60
13,-17,60
13,-17,60
13,-17,60
13,-17,60
13,-17,60
13,-17,60
13,-17,60
13,-17,60
13,-17,60
13,-17,60
13,-17,60
13,-17,60
13,-17,60
13,-17,60
13,-17,60
13,-17,60
13,-17,60
13,-17,60
13,-17,60
13,-17,60
13,-17,60
13,-17,60
13,-17,60
13,-17,60
13,-17,60
13,-18,60
13,-17,60
12,-17,60
13,-17,60
13,-17,60
13,-17,60
13,-17,60
13,-17,60
13,-17,60
13,-17,60
14,-17,60
13,-17,60
13,-17,60
13,-17,60
13,-17,60
13,-17,60
13,-17,60
14,-17,60
13,-17,60
13,-17,60
14,-17,60
14,-17,60
14,-17,60
13,-17,60
13,-17,60
13,-17,60
13,-17,60
13,-17,60
13,-17,60
13,-17,60
14,-17,60
13,-18,60
13,-17,60
14,-17,60
14,-17,60
13,-17,60
14,-17,60
13,-17,60
14,-17,60
13,-17,60
14,-17,60
13,-17,60
13,-17,60
13,-17,60
14,-17,60
14,-17,60
14,-17,60
14,-17,60
14,-17,60
13,-17,60
14,-17,60
14,-17,60
14,-17,60
14,-17,60
14,-17,60
14,-17,60
14,-17,60
14,-17,60
14,-17,60
14,-17,60
13,-17,60
13,-17,60
13,-17,60
13,-17,60
13,-17,60
13,-17,60
13,-17,60
13,-17,60
13,-17,60
13,-17,60
13,-17,60
13,-17,60
13,-17,60
13,-17,60
13,-17,60
13,-17,60
13,-17,60
13,-17,60
13,-17,60
13,-17,60
13,-17,60
13,-17,60
13,-17,60
13,-17,60
13,-17,60
13,-17,60
13,-17,60
13,-17,60
13,-17,60
13,-17,60
13,-17,60
13,-17,60
13,-17,60
13,-17,60
13,-17,60
13,-17,60
13,-17,60
13,-17,60
13,-17,60
13,-17,60
13,-17,60
13,-17,60
13,-17,60
13,-17,60
13,-17,60
13,-17,60
13,-17,60
13,-17,60
13,-17,60
13,-17,60
13,-17,60
13,-17,60
13,-17,60
13,-17,60
13,-17,60
13,-17,60
13,-17,60
13,-17,60
13,-17,60
13,-17,60
13,-17,60
13,-17,60
13,-17,60
13,-17,60
13,-17,60
13,-17,60
13,-17,60
13,-17,60
13,-17,60
13,-17,60
13,-17,60
13,-17,60
13,-17,60
13,-17,60
13,-17,60
13,-17,60
12,-17,59
13,-17,60
13,-17,60
13,-17,60
13,-17,60
13,-17,60
13,-17,60
13,-17,60
13,-17,60
13,-17,60
13,-17,60
13,-17,60
13,-17,60
13,-17,60
13,-18,60
13,-17,60
13,-17,60
13,-17,60
13,-17,60
13,-17,60
13,-17,60
13,-17,60
13,-17,60
13,-17,60
13,-17,60
13,-17,60
13,-17,60
13,-17,60
13,-17,60
13,-17,60
13,-17,60
13,-17,60
13,-17,60
13,-17,60
13,-17,60
13,-17,60
14,-17,60
12,-17,60
12,-17,60
13,-17,60
12,-18,60
12,-17,60
13,-17,60
13,-17,60
12,-17,60
13,-17,60
12,-17,60
13,-17,60
13,-17,60
13,-17,60
13,-17,60
13,-17,60
13,-17,60
13,-17,60
13,-17,60
13,-17,60
13,-17,60
13,-17,60
13,-17,60
13,-17,60
13,-17,60
13,-17,60
13,-17,60
13,-17,60
13,-17,60
13,-17,60
13,-17,60
13,-17,60
13,-17,60
13,-17,60
13,-17,60
13,-17,60
13,-17,60
13,-17,60
12,-17,60
13,-17,60
13,-17,60
12,-17,60
12,-17,60
12,-17,60
12,-17,60
12,-17,60
13,-17,60
12,-17,60
12,-17,60
13,-17,60
13,-17,60
13,-17,60
13,-17,60
13,-17,60
13,-17,60
13,-17,60
12,-17,60
13,-17,60
13,-17,60
13,-17,60
13,-17,60
13,-17,60
13,-17,60
13,-18,60
13,-17,60
13,-17,60
13,-17,60
13,-17,60
13,-17,60
13,-17,60
12,-17,60
13,-17,60
13,-17,60
13,-17,60
13,-17,60
13,-17,60
13,-17,60
13,-17,60
12,-17,60
12,-17,60
13,-17,60
13,-17,60
13,-17,60
13,-17,60
13,-17,60
13,-17,60
13,-17,60
13,-17,60
13,-17,60
13,-17,60
13,-17,60
13,-17,60
13,-17,60
13,-17,60
13,-17,60
13,-17,60
13,-17,60
13,-17,60
13,-17,60
13,-17,60
13,-17,60
13,-17,60
13,-17,60
13,-17,60
12,-17,60
12,-17,60
13,-17,60
13,-18,60
13,-17,60
13,-17,60
13,-17,60
13,-17,60
12,-17,60
13,-17,60
13,-17,60
13,-17,60
13,-17,60
12,-17,60
13,-17,60
13,-17,60
13,-17,60
13,-17,60
13,-17,60
12,-17,60
13,-17,60
13,-17,60
13,-17,60
13,-17,60
12,-17,60
13,-17,60
12,-17,60
13,-17,60
13,-17,60
13,-17,60
13,-17,60
12,-17,60
12,-17,60
13,-17,60
13,-17,60
13,-17,60
13,-17,60
13,-17,60
13,-17,60
13,-17,60
13,-17,60
13,-17,60
12,-17,60
13,-17,60
13,-17,60
13,-17,60
13,-17,60
12,-17,60
13,-17,60
13,-17,60
13,-17,60
12,-17,60
13,-17,60
13,-17,60
12,-17,60
13,-17,60
13,-17,60
13,-17,60
13,-17,60
13,-17,60
13,-17,60
13,-17,60
12,-17,60
13,-17,60
13,-17,60
13,-17,60
13,-17,60
13,-17,60
13,-17,60
12,-17,60
12,-17,60
13,-17,60
13,-17,60
13,-17,60
13,-17,60
12,-17,60
13,-17,60
13,-17,60
12,-17,60
13,-17,60
13,-17,60
13,-17,60
12,-17,60
12,-17,60
13,-17,60
12,-17,60
13,-17,60
13,-17,60
13,-17,60
13,-17,60
13,-17,60
12,-17,60
13,-17,60
12,-17,60
13,-17,60
12,-17,60
13,-17,60
13,-17,60
13,-17,60
13,-17,60
13,-17,60
13,-17,60
13,-17,60
13,-17,60
13,-17,60
12,-17,60
12,-17,60
13,-18,60
13,-17,60
13,-17,60
13,-17,60
13,-17,60
12,-17,60
13,-17,60
13,-17,60
12,-17,60
12,-17,60
13,-17,60
13,-17,60
13,-17,60
13,-17,60
13,-17,60
13,-17,60
12,-17,60
13,-17,60
13,-17,60
13,-17,60
13,-17,60
13,-17,60
12,-17,60
12,-17,60
12,-17,60
12,-17,60
13,-17,60
12,-17,60
12,-17,60
12,-17,60
13,-17,60
12,-17,60
13,-17,60
12,-17,60
12,-17,60
12,-17,60
12,-18,60
12,-18,60
12,-17,60
12,-17,60
13,-17,60
12,-17,60
13,-17,60
12,-17,60
12,-17,60
13,-17,60
12,-17,60
12,-17,60
12,-17,60
12,-17,60
12,-17,60
12,-17,60
12,-17,60
12,-17,60
12,-17,60
12,-17,60
12,-17,60
12,-17,60
12,-17,60
12,-17,60
12,-17,60
12,-17,60
12,-17,60
13,-17,60
12,-17,60
12,-17,60
12,-17,60
12,-17,60
12,-17,60
13,-17,60
12,-17,60
12,-17,60
12,-17,60
12,-17,60
12,-17,60
12,-17,60
12,-17,60
12,-17,60
12,-17,60
12,-17,60
13,-17,60
12,-17,60
13,-17,60
12,-17,60
12,-17,60
13,-17,60
12,-17,60
12,-17,60
12,-17,60
12,-17,60
13,-17,60
12,-17,60
13,-17,60
13,-17,60
12,-17,60
12,-17,60
12,-17,60
12,-17,60
13,-17,60
12,-17,60
13,-17,60
12,-17,60
12,-17,60
12,-17,60
12,-17,60
12,-17,60
12,-17,60
12,-17,60
12,-17,60
12,-17,60
12,-17,60
12,-17,60
12,-17,60
12,-17,60
12,-17,60
12,-17,60
12,-17,60
12,-17,60
12,-17,60
12,-17,60
12,-17,60
12,-17,60
12,-17,60
12,-17,60
12,-17,60
12,-17,60
12,-17,60
12,-17,60
12,-17,60
12,-17,60
13,-17,61
14,-17,60
12,-17,60
13,-17,60
13,-17,60
13,-17,60
11,-18,60
12,-17,60
12,-17,60
12,-17,60
12,-18,60
12,-17,60
12,-17,60
12,-17,60
12,-17,60
12,-17,60
12,-17,60
12,-17,60
12,-17,60
12,-17,60
12,-17,60
12,-17,60
13,-17,60
12,-17,60
12,-17,60
12,-17,60
12,-17,60
12,-17,60
12,-17,60
12,-17,60
12,-17,60
12,-17,60
12,-17,60
12,-18,60
12,-17,60
12,-17,60
12,-17,60
12,-17,60
12,-17,60
12,-17,60
12,-17,60
12,-17,60
12,-17,60
12,-17,60
12,-17,60
12,-17,60
12,-17,60
12,-17,60
12,-17,60
12,-17,60
12,-17,60
12,-17,60
13,-17,60
12,-17,60
12,-17,60
12,-17,60
12,-17,60
12,-17,60
12,-17,60
12,-17,60
12,-17,60
13,-17,60
12,-17,60
13,-17,60
12,-18,60
12,-17,60
12,-17,60
12,-17,60
12,-17,60
12,-17,60
12,-17,60
12,-17,60
12,-17,60
12,-17,60
13,-17,60
12,-17,60
12,-17,60
12,-17,60
12,-17,60
12,-17,60
12,-17,60
12,-17,60
12,-17,60
12,-17,60
12,-17,60
12,-17,60
12,-17,60
12,-17,60
13,-17,60
12,-17,60
12,-17,60
12,-17,60
12,-17,60
12,-17,60
12,-17,60
12,-17,60
12,-17,60
13,-17,60
12,-17,60
12,-17,60
13,-17,60
13,-17,60
13,-17,60
12,-17,60
12,-17,60
13,-17,60
12,-17,60
12,-17,60
12,-17,60
12,-17,60
12,-17,60
12,-17,60
12,-18,60
12,-17,60
12,-17,60
12,-17,60
12,-17,60
13,-17,60
12,-17,60
12,-17,60
12,-17,60
12,-17,60
12,-17,60
13,-17,60
13,-17,60
12,-17,60
12,-17,60
12,-17,60
12,-17,60
12,-17,60
13,-17,60
12,-17,60
12,-17,60
12,-17,60
12,-17,60
13,-17,60
12,-17,60
12,-17,60
12,-17,60
14,-18,59
14,-18,62
12,-16,60
13,-17,60
12,-18,60
13,-17,60
13,-17,60
12,-17,60
11,-18,60
12,-17,60
12,-17,60
12,-17,60
12,-17,60
12,-17,60
12,-17,60
12,-17,60
12,-17,60
12,-17,60
12,-17,60
12,-17,60
12,-17,60
12,-17,60
12,-17,60
12,-17,60
12,-17,60
12,-17,60
12,-17,60
12,-17,60
12,-17,60
12,-17,60
13,-17,60
12,-17,60
12,-17,60
12,-17,60
12,-17,60
12,-17,60
12,-17,60
12,-17,60
12,-17,60
12,-17,60
12,-17,60
12,-17,60
12,-17,60
12,-17,60
11,-17,60
12,-17,60
12,-17,60
12,-17,60
12,-17,60
12,-17,60
12,-17,60
12,-17,60
12,-17,60
12,-17,60
12,-17,60
12,-17,60
12,-17,60
12,-17,60
12,-17,60
12,-17,60
12,-17,60
12,-17,60
12,-17,60
12,-17,60
12,-17,60
13,-17,61
13,-17,61
13,-17,60
13,-17,60
13,-17,60
12,-17,60
12,-17,60
11,-18,60
12,-17,60
12,-17,60
12,-17,60
12,-17,60
12,-17,60
12,-17,60
12,-17,60
12,-17,60
12,-17,60
12,-17,60
12,-17,60
12,-17,60
13,-17,60
12,-17,60
12,-17,60
12,-17,60
12,-17,60
12,-17,60
12,-17,60
12,-17,60
12,-17,60
12,-17,60
12,-17,60
12,-18,60
12,-18,60
12,-17,60
12,-17,60
12,-17,60
12,-17,60
12,-17,60
12,-17,60
12,-17,60
12,-17,60
12,-17,60
12,-18,60
12,-17,60
12,-17,60
12,-17,60
12,-18,60
12,-17,60
12,-17,60
12,-17,60
12,-17,60
12,-17,60
12,-17,60
12,-17,60
11,-17,60
12,-17,60
12,-17,60
12,-17,60
12,-18,60
12,-17,60
12,-17,60
12,-17,60
12,-17,60
12,-17,60
12,-17,60
12,-18,60
12,-17,60
12,-17,60
12,-17,60
12,-17,60
12,-17,60
11,-17,60
11,-17,60
12,-17,60
12,-17,61
12,-17,60
12,-17,60
12,-17,60
12,-17,60
12,-17,60
12,-17,60
12,-17,60
12,-17,60
12,-17,60
12,-17,60
12,-17,60
12,-17,60
13,-17,60
13,-17,60
14,-17,60
14,-17,60
14,-17,60
13,-17,60
13,-17,60
13,-17,60
13,-17,60
13,-17,60
13,-17,60
13,-17,60
13,-17,60
13,-17,59
14,-17,60
13,-17,60
13,-17,60
13,-17,60
14,-17,60
13,-17,60
14,-17,60
14,-17,60
13,-17,60
13,-17,60
13,-17,60
13,-17,60
13,-17,60
13,-17,60
13,-17,60
13,-17,60
13,-17,60
13,-17,60
13,-17,60
13,-17,60
13,-17,60
13,-17,60
13,-17,60
13,-17,60
13,-17,60
13,-17,60
13,-17,60
13,-17,60
13,-17,60
13,-17,60
13,-17,60
13,-17,60
13,-17,60
13,-17,60
13,-17,60
13,-17,60
13,-17,60
13,-17,60
13,-17,60
13,-17,60
13,-17,60
13,-17,60
13,-17,60
13,-17,60
13,-17,60
13,-17,60
13,-17,60
13,-17,60
13,-17,60
13,-17,60
12,-17,60
12,-17,60
13,-17,60
12,-17,60
13,-17,60
13,-17,60
13,-17,60
13,-17,60
13,-17,60
13,-17,60
13,-17,60
13,-17,60
13,-17,60
12,-17,60
12,-17,60
13,-17,60
13,-17,60
13,-17,60
13,-17,60
13,-17,60
13,-17,60
13,-17,60
12,-17,60
13,-17,60
13,-17,60
13,-17,60
13,-17,60
13,-17,60
13,-17,60
13,-17,60
12,-17,60
13,-17,60
13,-17,60
13,-17,60
12,-17,60
12,-17,60
12,-17,60
13,-17,60
12,-17,60
12,-17,60
12,-17,60
12,-17,60
12,-17,60
12,-17,60
12,-17,60
12,-17,60
12,-17,60
12,-17,60
12,-17,60
12,-17,60
12,-17,60
12,-17,60
12,-17,60
12,-17,60
12,-17,60
12,-17,60
12,-17,60
12,-17,60
12,-17,60
12,-17,60
12,-17,60
12,-17,60
12,-17,60
12,-17,60
12,-17,60
12,-17,60
12,-17,60
12,-17,60
12,-17,60
12,-17,60
12,-17,60
12,-17,60
12,-17,60
12,-17,60
12,-17,60
12,-17,60
12,-17,60
12,-17,60
12,-17,60
12,-17,60
12,-17,60
12,-17,60
12,-17,60
12,-17,60
12,-17,60
12,-17,60
12,-17,60
12,-17,60
12,-17,60
12,-17,60
12,-17,60
12,-17,60
12,-17,60
12,-17,60
12,-17,60
12,-17,60
12,-17,60
12,-17,60
12,-17,60
12,-17,60
12,-17,60
12,-17,60
12,-17,60
12,-17,60
12,-17,60
12,-17,60
13,-17,60
12,-17,60
12,-17,60
12,-17,60
12,-17,60
12,-17,60
13,-17,60
12,-17,60
12,-17,60
12,-17,60
12,-17,60
12,-17,60
12,-17,60
12,-17,60
12,-17,60
13,-17,60
13,-17,60
12,-17,60
13,-17,60
13,-17,60
12,-17,60
12,-17,60
12,-17,60
12,-17,60
12,-17,60
12,-17,60
12,-17,60
12,-17,60
12,-17,60
12,-17,60
12,-17,60
12,-17,60
12,-17,60
12,-17,60
12,-17,60
12,-17,60
12,-17,60
12,-17,60
12,-17,60
12,-17,60
12,-17,60
12,-17,60
12,-17,60
12,-17,60
12,-17,60
12,-17,60
12,-17,60
12,-17,60
12,-17,60
12,-17,60
12,-17,60
12,-17,60
12,-17,60
12,-17,60
12,-17,60
12,-17,60
12,-17,60
12,-17,60
12,-17,60
12,-17,60
12,-17,60
12,-17,60
12,-17,60
12,-17,60
12,-17,60
12,-17,60
12,-17,60
12,-17,60
12,-17,60
12,-17,60
12,-17,60
12,-17,60
12,-17,60
12,-17,60
12,-17,60
12,-17,60
12,-17,60
12,-17,60
12,-17,60
12,-17,60
12,-17,60
12,-17,60
12,-17,60
12,-17,60
12,-17,60
12,-17,60
12,-17,60
12,-17,60
12,-17,60
12,-17,60
12,-17,60
12,-17,60
12,-17,60
12,-17,60
12,-18,60
12,-17,60
12,-17,60
12,-17,60
12,-17,60
12,-17,60
12,-17,60
12,-17,60
12,-17,60
12,-17,60
12,-17,60
12,-17,60
12,-17,60
12,-17,60
12,-17,60
12,-17,60
12,-17,60
12,-17,60
12,-17,60
12,-17,60
12,-17,60
12,-17,60
12,-17,60
12,-17,60
12,-17,60
12,-17,60
12,-17,60
12,-17,60
12,-17,60
12,-17,60
12,-17,60
12,-17,60
12,-17,60
12,-17,60
12,-17,60
12,-17,60
12,-17,60
12,-17,60
12,-17,60
12,-17,60
12,-17,60
12,-18,60
12,-17,60
12,-17,60
12,-17,60
12,-17,60
12,-17,60
12,-17,60
12,-17,60
12,-17,60
12,-17,60
12,-17,60
12,-17,60
12,-17,60
12,-17,60
12,-17,60
12,-17,60
12,-17,60
12,-17,60
12,-17,60
12,-17,60
12,-17,60
12,-17,60
12,-17,60
12,-17,60
12,-17,60
12,-17,60
12,-17,60
12,-17,60
12,-17,60
12,-17,60
12,-17,60
12,-17,60
12,-17,60
12,-17,60
12,-17,60
12,-17,60
12,-17,60
12,-17,60
12,-17,60
12,-17,60
12,-17,60
12,-17,60
12,-17,60
12,-17,60
12,-17,60
12,-17,60
12,-17,60
12,-17,60
12,-17,60
12,-17,60
12,-17,60
12,-17,60
12,-17,60
12,-17,60
12,-17,60
12,-17,60
13,-17,61
12,-17,60
12,-18,60
11,-17,60
12,-17,60
12,-17,60
12,-17,60
12,-17,60
11,-17,60
12,-17,60
12,-17,60
12,-17,60
12,-18,60
11,-18,60
12,-17,60
12,-17,60
12,-17,60
12,-17,60
12,-17,60
11,-18,60
11,-18,60
12,-17,60
12,-17,60
12,-18,60
11,-18,60
11,-17,60
13,-17,60
13,-17,60
12,-17,60
11,-18,60
11,-17,60
12,-17,60
12,-17,60
12,-17,60
12,-17,60
12,-17,61
12,-17,60
12,-17,60
11,-17,60
11,-17,60
12,-17,60
11,-18,60
12,-17,60
12,-17,60
12,-17,60
12,-17,60
12,-17,60
12,-17,60
12,-17,60
12,-17,60
12,-18,60
11,-17,60
12,-17,60
12,-17,60
12,-17,60
12,-17,60
12,-17,60
12,-17,60
12,-17,60
12,-17,60
12,-17,60
12,-17,60
12,-17,60
12,-17,60
12,-17,60
12,-17,60
12,-17,60
12,-17,60
12,-17,60
12,-17,60
12,-17,60
12,-17,60
12,-17,60
12,-17,60
12,-17,60
12,-17,60
12,-17,60
12,-17,60
12,-17,60
12,-17,60
12,-17,60
12,-17,60
12,-17,60
12,-17,60
12,-17,60
12,-17,60
12,-17,60
12,-17,60
12,-17,60
12,-17,60
12,-17,60
12,-17,60
12,-17,60
12,-17,60
12,-17,60
12,-17,60
12,-17,60
12,-17,60
12,-17,60
12,-17,60
12,-17,60
13,-17,60
12,-17,60
12,-17,60
12,-17,60
12,-17,60
13,-17,60
12,-17,60
12,-17,60
12,-17,60
12,-17,60
12,-17,60
12,-17,60
12,-17,60
12,-17,60
12,-17,60
12,-17,60
12,-17,60
12,-17,60
12,-17,60
12,-17,60
12,-17,60
12,-17,60
12,-18,60
13,-17,60
12,-17,60
13,-17,60
13,-17,60
13,-17,60
13,-17,60
13,-17,60
12,-17,60
12,-17,60
12,-17,60
12,-17,60
12,-17,60
12,-17,60
12,-17,60
12,-17,60
12,-17,60
12,-17,60
12,-17,60
12,-17,60
12,-17,60
12,-17,60
12,-17,60
12,-17,60
12,-17,60
12,-17,60
12,-17,60
12,-17,60
12,-17,60
12,-17,60
12,-17,60
13,-17,60
13,-17,60
12,-17,60
12,-17,60
12,-17,60
12,-17,60
13,-17,60
12,-17,60
12,-17,60
12,-17,60
12,-17,60
13,-17,60
13,-17,60
12,-17,60
12,-17,60
13,-17,60
13,-17,60
13,-17,60
12,-17,60
12,-17,60
12,-17,60
12,-17,60
12,-17,60
12,-17,60
13,-17,60
13,-17,60
12,-18,60
12,-17,61
13,-16,60
13,-17,60
12,-17,60
12,-17,60
12,-17,60
13,-17,60
13,-17,60
14,-17,61
13,-17,59
11,-18,60
12,-17,60
14,-16,60
14,-17,60
10,-18,60
10,-17,60
13,-17,60
13,-17,60
11,-17,60
11,-17,60
13,-17,60
12,-16,60
12,-18,60
12,-17,60
13,-16,62
13,-17,62
12,-16,60
9,-18,61
9,-18,61
6,-18,60
5,-18,61
5,-18,60
5,-19,59
5,-18,61
5,-18,61
5,-18,60
5,-19,61
4,-19,61
4,-18,61
5,-18,61
5,-18,61
6,-18,61
5,-19,61
6,-18,61
5,-18,60
5,-18,61
6,-18,61
6,-18,61
6,-18,61
6,-18,61
6,-18,61
7,-18,61
6,-18,61
7,-18,61
6,-18,61
7,-18,61
6,-18,60
6,-18,60
7,-18,60
8,-17,61
8,-18,61
8,-18,62
7,-17,62
7,-18,60
8,-18,60
7,-18,61
6,-17,62
7,-18,61
7,-18,60
7,-18,60
7,-18,61
7,-18,61
10,-18,60
8,-18,60
6,-17,61
6,-18,61
7,-17,61
7,-17,61
7,-17,61
7,-17,61
7,-18,61
7,-17,61
6,-17,61
6,-17,61
7,-17,61
6,-17,61
7,-17,61
7,-17,61
7,-17,61
7,-17,61
7,-18,61
6,-17,61
6,-17,61
6,-18,61
7,-18,61
7,-17,61
7,-17,61
7,-17,61
6,-18,61
6,-17,61
7,-18,61
7,-17,61
7,-18,61
6,-17,61
6,-17,61
6,-18,61
6,-18,61
6,-17,61
7,-17,61
7,-18,61
6,-18,61
6,-17,61
6,-17,61
5,-17,61
6,-18,61
6,-17,61
6,-17,61
5,-18,61
6,-18,61
6,-18,61
6,-18,61
6,-17,61
6,-18,61
6,-18,61
6,-18,61
6,-18,61
7,-18,61
6,-18,60
6,-18,60
5,-18,60
6,-18,61
8,-17,61
10,-17,61
11,-17,61
10,-17,61
10,-17,61
11,-17,61
11,-18,61
10,-17,60
10,-17,60
10,-17,61
9,-17,61
9,-17,61
9,-18,60
9,-17,60
9,-18,60
9,-18,60
10,-18,60
11,-18,60
11,-18,60
10,-17,60
10,-17,60
10,-18,60
9,-18,59
10,-18,59
15,-17,60
17,-17,59
18,-16,59
19,-17,59
19,-17,59
19,-16,58
19,-16,58
22,-16,59
22,-16,59
21,-16,58
21,-16,58
21,-16,58
22,-16,59
21,-16,58
20,-16,58
19,-17,58
19,-17,58
18,-17,59
18,-17,58
17,-17,59
17,-17,59
17,-17,59
17,-17,59
16,-18,58
15,-17,59
15,-17,59
15,-17,59
16,-17,60
16,-17,60
15,-17,59
15,-17,59
15,-17,59
16,-17,59
16,-17,59
16,-17,59
15,-17,59
16,-17,59
16,-17,59
15,-17,59
15,-17,59
16,-17,59
15,-17,59
16,-17,59
16,-17,59
15,-17,59
15,-17,60
15,-17,59
15,-17,59
16,-17,60
15,-17,60
15,-17,59
15,-17,60
15,-17,60
15,-17,59
15,-17,60
15,-17,59
15,-17,59
15,-17,60
15,-17,59
15,-17,60
15,-17,59
15,-17,60
15,-17,60
15,-17,59
15,-17,59
15,-17,60
15,-17,60
15,-17,60
15,-17,59
15,-17,60
14,-17,59
14,-17,60
14,-17,60
15,-17,60
14,-17,59
14,-17,60
14,-17,60
14,-17,60
15,-17,60
14,-17,60
15,-17,60
14,-17,60
14,-17,60
14,-17,60
14,-17,60
14,-17,60
14,-17,60
14,-17,60
14,-17,60
14,-17,60
14,-17,60
14,-17,60
14,-17,59
14,-17,60
14,-17,60
14,-17,60
14,-17,60
14,-17,60
14,-17,60
14,-17,60
14,-17,60
14,-17,60
14,-17,60
14,-17,60
14,-17,60
14,-17,60
14,-17,60
14,-17,60
15,-17,60
13,-18,60
12,-17,60
12,-17,60
11,-17,60
11,-18,60
11,-17,60
11,-18,60
11,-18,60
10,-18,60
10,-18,61
10,-18,61
11,-18,60
10,-18,60
9,-18,60
9,-18,61
9,-18,61
9,-18,61
9,-18,60
9,-18,60
9,-18,60
9,-18,60
9,-18,60
9,-18,60
9,-18,61
9,-18,61
9,-18,61
9,-18,61
9,-17,61
9,-18,61
9,-18,61
9,-18,61
9,-18,60
9,-18,61
9,-18,61
9,-18,60
9,-18,61
9,-18,61
9,-18,61
9,-18,61
9,-18,61
9,-18,60
9,-18,60
9,-18,61
9,-18,61
9,-18,61
9,-18,60
9,-18,60
8,-17,60
8,-18,61
9,-17,61
10,-18,61
9,-18,60
10,-17,61
8,-18,61
7,-18,61
8,-19,60
8,-18,60
8,-19,59
9,-18,60
10,-18,60
9,-19,60
9,-18,60
8,-19,61
7,-18,60
8,-18,60
8,-18,60
8,-19,60
8,-19,60
7,-18,60
7,-19,61
7,-18,60
7,-18,61
7,-18,61
7,-18,60
6,-19,59
5,-19,61
7,-18,61
9,-17,62
10,-18,62
9,-18,61
9,-17,62
10,-16,63
5,-19,60
7,-20,60
6,-19,60
7,-19,61
6,-18,60
9,-19,60
8,-20,60
7,-19,60
7,-19,59
7,-20,59
7,-20,59
7,-20,58
8,-20,60
7,-20,60
7,-20,60
7,-19,60
8,-20,61
6,-20,59
7,-20,59
9,-18,61
7,-20,62
7,-19,60
7,-20,60
8,-20,60
8,-20,60
7,-20,60
7,-19,60
8,-19,60
7,-19,61
7,-19,61
7,-19,61
7,-20,61
7,-19,61
6,-19,61
5,-19,61
5,-20,61
6,-21,59
6,-21,59
5,-21,58
4,-21,58
5,-21,59
5,-21,60
4,-21,61
4,-21,60
4,-21,60
4,-21,60
4,-21,60
4,-21,60
5,-21,60
5,-20,60
4,-20,59
4,-20,59
5,-22,60
5,-22,59
6,-23,59
0,-22,58
-1,-23,54
3,-24,51
7,-25,53
18,-16,63
21,-14,62
22,-16,60
29,-18,57
32,-19,56
31,-17,56
30,-17,56
27,-16,56
24,-16,56
24,-16,57
23,-16,57
23,-16,58
22,-15,58
22,-15,58
21,-15,58
21,-15,58
21,-15,58
22,-15,58
22,-15,58
21,-15,58
21,-14,59
21,-15,59
22,-15,58
21,-15,58
20,-15,58
21,-15,58
21,-14,58
20,-15,57
21,-15,57
19,-14,59
20,-13,59
21,-13,60
21,-13,60
20,-13,59
20,-13,59
19,-13,59
20,-13,59
21,-13,59
21,-13,59
22,-13,60
21,-13,60
20,-13,59
20,-13,58
20,-13,58
20,-13,58
20,-13,58
21,-13,60
21,-12,60
21,-12,60
21,-12,60
19,-12,59
19,-13,59
19,-13,59
19,-13,59
20,-13,59
21,-13,59
21,-13,59
20,-13,59
20,-13,59
20,-13,59
20,-13,59
19,-13,59
20,-13,59
20,-13,60
19,-13,60
20,-13,59
20,-13,59
20,-13,59
21,-13,59
24,-11,61
27,-13,64
21,-13,66
7,-17,63
7,-19,60
11,-19,65
4,-19,64
6,-17,59
-5,-18,54
-12,-18,53
-9,-17,58
-8,-18,59
-10,-16,58
-7,-15,60
-7,-15,59
-8,-14,59
-7,-14,60
-7,-14,61
-6,-14,62
-5,-15,62
-6,-15,62
-5,-15,62
-2,-15,62
-1,-15,62
1,-15,63
-1,-14,63
5,-18,64
1,-15,65
0,-12,65
-1,-11,64
-2,-12,64
0,-13,63
0,-13,62
0,-14,62
0,-14,61
-2,-14,60
-4,-11,62
-2,-12,62
-2,-12,63
-2,-13,61
-1,-13,62
-7,-10,63
-9,-2,65
-10,-7,57
1,-9,63
-4,-6,64
-4,-14,64
-4,-9,64
-1,-7,65
0,-6,70
-12,-23,68
-45,16,52
-5,-17,45
14,-26,58
-3,-12,55
-7,-12,58
-3,-15,62
1,-15,63
4,-19,64
3,-19,63
4,-20,61
4,-20,61
2,-16,60
0,-14,62
1,-13,62
1,-14,63
1,-14,63
2,-15,62
3,-15,63
4,-14,63
2,-15,62
2,-14,61
4,-14,64
4,-15,64
0,-14,61
2,-13,63
2,-14,63
1,-13,63
2,-13,63
2,-14,62
2,-14,62
2,-14,62
2,-14,62
2,-14,62
1,-14,62
1,-14,62
2,-14,62
1,-14,62
1,-14,62
1,-14,62
1,-14,62
1,-14,62
1,-14,62
1,-14,62
1,-14,62
1,-14,61
2,-14,62
2,-14,62
1,-14,62
1,-14,62
2,-14,62
1,-14,62
1,-14,62
2,-14,62
2,-14,62
1,-14,62
1,-14,62
2,-14,62
2,-14,62
1,-14,62
1,-14,63
1,-14,62
1,-14,62
1,-14,62
2,-14,63
1,-14,62
2,-14,63
1,-14,62
1,-14,62
2,-14,62
1,-14,62
1,-14,62
2,-14,62
1,-14,62
0,-14,61
2,-14,63
2,-13,63
2,-13,63
2,-13,63
2,-14,63
2,-14,61
1,-14,60
2,-13,61
2,-13,63
3,-12,64
4,-11,64
5,-11,64
4,-12,62
4,-12,62
6,-13,62
6,-13,61
6,-14,62
6,-14,62
6,-13,62
7,-12,65
7,-11,66
6,-9,67
5,-7,66
1,-4,63
-1,-4,60
-2,-6,59
-3,-11,58
-4,-14,57
-1,-19,61
0,-20,61
2,-16,64
1,-10,64
-1,-5,63
1,-2,62
3,-4,61
5,-4,64
7,-4,65
7,-7,67
5,-10,67
4,-10,64
5,-10,65
6,-10,64
12,-8,67
8,-7,66
5,-6,67
6,-3,60
10,-3,61
8,-3,61
6,-2,61
3,-2,61
6,-2,62
7,-2,64
11,0,65
10,2,65
9,1,62
10,0,62
11,0,62
10,0,62
6,-1,62
5,-6,63
7,-8,64
16,-8,67
11,-6,59
9,-4,59
6,-7,61
6,-9,64
3,-8,64
5,-10,63
1,-8,60
6,-3,64
5,-1,67
5,1,64
7,3,63
13,5,64
13,8,63
16,8,63
6,6,63
-5,3,63
11,3,65
7,2,65
5,2,65
8,1,65
8,2,63
6,3,64
9,2,65
8,4,65
7,6,65
8,7,62
3,7,64
5,7,64
8,6,63
8,3,63
5,3,64
3,3,62
2,2,61
-1,5,61
-1,7,60
5,11,59
6,13,59
1,21,55
8,33,74
7,31,69
4,32,53
1,29,47
14,32,54
15,34,62
7,32,53
17,38,49
24,40,49
